,branch->branch->branch->branch[0_0],branch->prog->prog->prog[1_0],prog->branch->branch->branch[2_0],prog->prog->prog->prog[3_0]
0,Target322,Target322,Target322,Target322
1,HK48,HK48,HK48,HK48
2,Target545,HK44,Target545,Target42
3,Target467,Target545,Target467,HK44
4,Target82,Target330,Target82,Target545
5,Target229,Target12,Target229,Target330
6,Target325,Target82,Target325,Target12
7,Target241,Target95,Target241,Target82
8,Target89,Target221,Target89,Target95
9,Target214,Target229,Target214,Target221
10,Target220,Target325,Target220,Target229
11,HK59,Target241,HK59,Target325
12,Target190,Target327,Target411,Target241
13,Target411,Target89,Target591,Target327
14,Target591,Target522,Target393,Target89
15,Target393,Target530,Target499,Target522
16,Target499,Target220,Target48,Target530
17,Target48,Target578,Target117,Target220
18,Target117,HK59,Target537,Target578
19,Target537,Target411,Target560,HK59
20,Target560,Target591,Target243,Target411
21,Target243,Target393,HK57,Target591
22,HK57,Target48,Target233,Target393
23,Target233,Target117,Target105,Target48
24,Target105,Target154,Target212,Target117
25,Target212,Target388,Target523,Target154
26,Target523,Target416,Target286,Target388
27,Target286,Target537,Target478,Target416
28,Target478,HK57,Target79,Target537
29,Target79,Target233,HK65,HK57
30,HK65,HK30,Target294,Target233
31,Target294,Target105,Target47,HK30
32,Target47,Target212,Target427,Target105
33,Target427,Target396,Target115,Target212
34,Target115,Target523,Target468,Target396
35,Target468,M2_TF1,HK17,Target523
36,HK17,Target478,Target43,Target478
37,Target43,Target79,Target39,Target79
38,Target39,HK65,Target476,HK65
39,Target476,Target32,HK99,Target32
40,HK99,Target494,Target436,Target494
41,Target436,Target47,Target113,Target47
42,Target113,Target427,Target72,Target427
43,Target72,Target115,Target216,Target115
44,Target216,Target468,HK72,Target468
45,HK72,HK17,Target86,HK17
46,Target86,HK32,Target143,HK32
47,Target143,Target455,Target308,Target455
48,Target308,Target43,HK9,Target43
49,HK9,Target39,Target402,Target39
50,Target402,HK99,Target55,HK99
51,Target55,Target279,Target448,Target370
52,Target448,Target370,Target38,Target107
53,Target38,Target107,Target429,Target40
54,Target429,Target40,Target237,Target314
55,Target237,Target314,Target222,Target113
56,Target222,Target113,Target531,Target72
57,Target531,Target72,Target53,HK72
58,Target404,HK72,Target404,Target144
59,Target302,Target413,Target108,Target413
60,HK21,Target319,Target302,Target319
61,Target199,Target408,HK21,Target408
62,Target35,Target143,Target199,Target143
63,Target37,Target308,Target35,Target308
64,HK75,Target86,Target37,Target86
65,HK88,Target543,HK75,Target543
66,Target518,Target579,HK88,Target579
67,Target418,Target209,Target518,Target209
68,Target382,HK9,Target418,HK9
69,Target136,Target402,Target382,HK91
70,Target484,Target55,Target136,Target402
71,Target69,Target38,Target484,Target55
72,HK13,Target237,Target69,Target38
73,Target288,Target230,HK13,Target403
74,Target123,Target222,Target288,Target237
75,HK93,Target453,Target123,Target230
76,HK28,Target531,HK93,Target222
77,Target161,Target53,HK28,Target453
78,Target4,Target108,Target161,Target531
79,HK79,Target251,Target4,Target53
80,Target524,Target404,HK79,Target108
81,HK77,HK21,Target524,Target404
82,Target590,Target472,HK77,HK21
83,Target554,Target199,Target590,Target472
84,Target239,Target35,Target554,Target199
85,Target317,Target37,Target239,Target35
86,HK71,HK75,Target317,Target37
87,Target14,HK88,HK71,HK75
88,Target25,Target418,Target14,HK88
89,Target277,Target232,Target25,Target418
90,Target29,Target382,Target277,Target232
91,HK31,Target331,Target29,Target382
92,Target22,Target136,HK31,Target331
93,Target132,Target69,Target22,Target136
94,Target93,Target420,Target132,Target69
95,HK86,Target385,Target93,Target420
96,Target406,HK13,HK86,Target385
97,Target458,Target581,Target406,HK13
98,Target276,Target288,Target458,Target581
99,,Target123,Target276,Target288
100,,Target73,,Target123
101,,HK93,,Target73
102,,HK28,,HK93
103,,Target161,,HK28
104,,Target588,,Target161
105,,Target4,,Target588
106,,HK96,,Target4
107,,HK39,,HK96
108,,HK37,,HK39
109,,HK79,,HK37
110,,Target524,,HK79
111,,HK77,,Target524
112,,Target254,,HK77
113,,Target312,,Target254
114,,Target590,,Target312
115,,HK66,,Target590
116,,Target554,,HK66
117,,Target239,,Target554
118,,Target317,,Target239
119,,Target395,,Target317
120,,Target551,,Target395
121,,HK71,,Target551
122,,Target14,,HK71
123,,Target25,,Target14
124,,Target240,,Target25
125,,Target29,,Target240
126,,Target57,,Target29
127,,Target124,,Target57
128,,Target22,,Target124
129,,Target132,,Target22
130,,HK31,,Target132
131,,HK78,,HK31
132,,Target116,,HK78
133,,Target93,,Target116
134,,HK86,,Target93
135,,Target406,,HK86
136,,Target225,,Target406
137,,Target458,,Target225
138,,,,Target458
