,EryP->EryP->EryP->EryP[0_0],MYP->MYP->MYP->EryP[1_0],eosiP->eosiP->MKP->MKP[2_0],eosiP->eosiP->LMPPs->EryP[4_0],eosiP->EryP->EryP->EryP[5_0],eosiP->eosiP->MKP->LMPPs[6_0],eosiP->EryP->MKP->LMPPs[8_0],EryP->EryP->MKP->MKP[9_0],EryP->MKP->MKP->MKP[10_0],EryP->MKP->LMPPs->EryP[11_0],EryP->EryP->MKP->LMPPs[12_0],EryP->MKP->MKP->LMPPs[13_0],EryP->MKP->LMPPs->LMPPs[14_0],HSCs->HSCs->HSCs->HSCs[15_0],MKP->LMPPs->MKP->MKP[17_0],MKP->MKP->LMPPs->EryP[18_0],MKP->LMPPs->LMPPs->EryP[19_0],MKP->HSCs->HSCs->HSCs[20_0],MKP->MKP->MKP->LMPPs[21_0],MKP->MKP->LMPPs->LMPPs[22_0],MKP->LMPPs->LMPPs->LMPPs[23_0],MKP->LMPPs->MKP->LMPPs[24_0],MYP->MYP->LMPPs->EryP[25_0],MYP->MYP->LMPPs->LMPPs[26_0],LMPPs->LMPPs->LMPPs->EryP[29_0],LMPPs->MKP->LMPPs->EryP[30_0],LMPPs->HSCs->HSCs->HSCs[31_0],LMPPs->LMPPs->LMPPs->LMPPs[32_0],LMPPs->LMPPs->MKP->LMPPs[33_0],LMPPs->MKP->MKP->LMPPs[34_0],LMPPs->MKP->LMPPs->LMPPs[35_0],MYP->MYP->MYP->MYP[37_0]
0,Sec61g,Ybx1,Ybx1,Ybx1,Ybx1,Ybx1,Ybx1,Sec61g,Sec61g,Sec61g,Sec61g,Sec61g,Sec61g,Trim47,Sec61g,Sec61g,Sec61g,Padi2,Trim47,Trim47,Sec61g,Sec61g,Ly6e,Serpina3g,Sec61g,Sec61g,Padi2,Trim47,Trim47,Trim47,Serpina3g,Serpina3g
1,Ly6e,Rpl23a,Vamp8,Rpl23a,Vamp8,Rpl23a,Rpl23a,Ybx1,Ybx1,Ybx1,Ybx1,Ybx1,Ybx1,Grasp,Ybx1,Ybx1,Ybx1,P2ry1,Grasp,Grasp,Ybx1,Ybx1,Ybx1,Trim47,Ly6e,Ybx1,P2ry1,Grasp,Grasp,Grasp,Trim47,5930430L01Rik
2,Ybx1,Rps27,Rpl23a,Lgals9,Lgals9,Rps27,Rps27,Vamp8,Myl12b,Myl12b,Rpl23a,Myl12b,Myl12b,Casp12,Myl12b,Myl12b,Myl12b,Hist1h1c,Casp12,Casp12,Myl12b,Myl12b,Rpl23a,Grasp,Myl12b,Myl12b,Hist1h1c,Casp12,Casp12,Casp12,Grasp,Grasp
3,Vamp8,Ucp2,Rps27,Rps27,Rps27,Ucp2,Ucp2,Rpl23a,Vamp8,Rpl23a,Rps27,Rpl23a,Rpl23a,Adgrg1,Vamp8,Rpl23a,Rpl23a,Cdca3,Cd274,Cd274,Rpl23a,Rpl23a,Rps27,Casp12,Ybx1,Rps27,Cdca3,Cd274,Cd274,Cd274,Casp12,Adgrg1
4,Lgals9,Pfn1,Aldoa,Ucp2,Ucp2,Aldoa,Aldoa,Rps27,Rpl23a,Rps27,Ucp2,Rps27,Rps27,Scarf1,Rpl23a,Rps27,Rps27,Ube2c,H2-T22,H2-T22,Rps27,Rps27,Ucp2,Cd274,Rps27,Ucp2,Maml3,Scarf1,Scarf1,H2-T22,Cd274,Tal1
5,Rps27,Nhp2l1,Nhp2l1,Aldoa,Rpl23a,Nhp2l1,Nhp2l1,Pfn1,Rps27,Ucp2,Pfn1,Ucp2,Ucp2,Agpat4,Rps27,Ucp2,Ucp2,Psrc1,Slc50a1,Slc50a1,Ucp2,Ucp2,Pfn1,Scarf1,Ucp2,Acadl,Ube2c,Agpat4,Agpat4,Scarf1,H2-T22,Gimap1
6,Ucp2,Set,Set,Nhp2l1,Aldoa,Set,Set,Aldoa,Acadl,Acadl,Aldoa,Acadl,Acadl,Gfod2,Acadl,Acadl,Acadl,Rab44,Scarf1,Scarf1,Acadl,Acadl,Nhp2l1,Agpat4,Acadl,Pfn1,Psrc1,Gfod2,Gfod2,Agpat4,Scarf1,Sytl4
7,Rpl23a,Fth1,Fth1,Set,Nhp2l1,Fth1,Fth1,Nhp2l1,Pfn1,Pfn1,Nhp2l1,Pfn1,Kcnq1ot1,Glipr2,Pfn1,Pfn1,Pfn1,H2-DMa,Agpat4,Agpat4,Pfn1,Pfn1,Set,Gfod2,Pfn1,Aldoa,Rab44,Pear1,Glipr2,Gfod2,Agpat4,H2-T23
8,Pfn1,Fau,Fau,Fth1,Set,Fau,Fau,Ssr4,Aldoa,Aldoa,Ssr4,Aldoa,Pfn1,Pear1,Aldoa,Aldoa,Aldoa,Il12a,Gfod2,Gfod2,Aldoa,Aldoa,Fau,Pear1,Aldoa,Nhp2l1,Hk3,Tnip3,Pear1,Glipr2,Gfod2,Arhgap6
9,Aldoa,Phb2,Phb2,Fau,Fth1,Phb2,Phb2,Set,Nhp2l1,Nhp2l1,Set,Nhp2l1,Aldoa,Tnip3,Nhp2l1,Nhp2l1,Nhp2l1,2810417H13Rik,Glipr2,Pear1,Nhp2l1,Nhp2l1,Fth1,Tnip3,Nhp2l1,Ssr4,H2-DMa,Gm1673,Tnip3,Pear1,Pear1,Hivep3
10,Nhp2l1,Hnrnpa1,Hnrnpa1,Phb2,Fau,Hnrnpa1,Hnrnpa1,Fau,Ssr4,Ssr4,Fau,Ssr4,Nhp2l1,Gm1673,Ssr4,Ssr4,Ssr4,Hist1h2af,Pear1,Tnip3,Ssr4,Ssr4,Phb2,Rbpms,Ssr4,Set,Aff3,Cish,Gm1673,Tnip3,Tnip3,Cpa3
11,Ssr4,mt-Nd4,mt-Nd4,Hnrnpa1,Phb2,mt-Nd4,mt-Nd4,Phb2,Set,Set,Phb2,Set,Ssr4,Cish,Set,Set,Set,Rapsn,Rbpms,Rbpms,Set,Set,Hnrnpa1,Cish,Set,Fau,Il12a,Rb1cc1,Cish,Rbpms,Rbpms,Zc3h6
12,Set,Rpl6,Rpl6,mt-Nd4,Hnrnpa1,Rpl6,Rpl6,Hnrnpa1,Fau,Fau,Hnrnpa1,Fau,Set,Gimap1,Fau,Fau,Fau,BC035044,Gm1673,Gm1673,Fau,Fau,mt-Nd4,Gimap1,Fau,Fth1,2810417H13Rik,Gimap1,Rb1cc1,Gm1673,Gm1673,Exoc6b
13,Fau,Srsf7,Tax1bp1,Rpl6,mt-Nd4,Tax1bp1,Tax1bp1,mt-Nd4,Phb2,Phb2,mt-Nd4,Phb2,Fau,Mllt3,Fth1,Fth1,Fth1,Aqp1,Cish,Cish,Fth1,Fth1,Rpl6,Sytl4,Fth1,Phb2,Hist1h2af,Mllt3,Gimap1,Cish,Cish,Vamp5
14,Phb2,Nhp2,Srsf7,Tax1bp1,Rpl6,Srsf7,Srsf7,Sdf2l1,Hnrnpa1,Hnrnpa1,Sdf2l1,Hnrnpa1,Phb2,Hacd4,Phb2,Phb2,Phb2,Ms4a3,Rb1cc1,Rb1cc1,Phb2,Phb2,Srsf7,H2-T23,Phb2,Hnrnpa1,BC035044,Foxo3,Mllt3,Rb1cc1,Rb1cc1,AW112010
15,Hnrnpa1,Tagln2,Nhp2,Srsf7,Tax1bp1,Nhp2,Nhp2,Rpl6,mt-Nd4,mt-Nd4,Rpl6,mt-Nd4,Hnrnpa1,Zc3h6,Hnrnpa1,Hnrnpa1,Hnrnpa1,Gfi1b,Gimap1,Gimap1,Hnrnpa1,Hnrnpa1,Nhp2,Mllt3,Hnrnpa1,Sdf2l1,Aqp1,Ggt5,Foxo3,Gimap1,Gimap1,Nefh
16,mt-Nd4,Cox5a,Rpgrip1,Nhp2,Srsf7,Ifrd2,Ifrd2,Tax1bp1,Sdf2l1,Sdf2l1,Tax1bp1,Sdf2l1,mt-Nd4,Igf2bp2,mt-Nd4,mt-Nd4,mt-Nd4,Plac8,Sytl4,Sytl4,mt-Nd4,mt-Nd4,Tagln2,Foxo3,Sdf2l1,Rpl6,Ms4a3,Hivep3,Ggt5,H2-T23,H2-T23,Lysmd2
17,Sdf2l1,Hells,Ifrd2,Rpgrip1,Nhp2,Cox5a,Cox5a,Srsf7,Rpl6,Rpl6,Srsf7,Rpl6,Sdf2l1,Klf2,Sdf2l1,Sdf2l1,Sdf2l1,Slc14a1,Tnip3,Mllt3,Sdf2l1,Sdf2l1,Cox5a,Ggt5,Rpl6,Srsf7,Glipr1,Dennd5b,Hivep3,Mllt3,Mllt3,Ptms
18,Rpl6,Cox5b,Cox5a,Cox5a,Rpgrip1,Hells,Hells,Tagln2,Srsf7,Srsf7,Tagln2,Srsf7,Rpl6,Sesn3,Rpl6,Rpl6,Rpl6,Cd69,Mllt3,Ggt5,Rpl6,Rpl6,Hells,Hivep3,Srsf7,Nhp2,Gm16152,Zc3h6,Dennd5b,Ggt5,Ggt5,Muc13
19,Tax1bp1,Rpl10,Hells,Hells,Egfl7,Cox5b,Cox5b,Nhp2,Tagln2,Tagln2,Nhp2,Tagln2,Srsf7,Gm20467,Srsf7,Srsf7,Srsf7,Kif20b,Ggt5,Hivep3,Srsf7,Srsf7,Cox5b,Dennd5b,Nhp2,Tagln2,Gfi1b,Igf2bp2,Zc3h6,Hivep3,Hivep3,Gkap1
20,Srsf7,Rps2,Cox5b,Cox5b,Cox5a,Arpc1b,Rpl10,Rpgrip1,Nhp2,Nhp2,Cox5a,Nhp2,Tagln2,Exoc6b,Nhp2,Nhp2,Nhp2,Cpa3,Hivep3,Dennd5b,Nhp2,Nhp2,Rpl10,Zc3h6,Tagln2,Rpgrip1,Plac8,Hacd4,Hacd4,Dennd5b,Dennd5b,Rhoh
21,Tagln2,Rfc2,Arpc1b,Rpl10,Hells,Rpl10,Rps2,Xbp1,Rpgrip1,Rpgrip1,Hells,Cox5a,Nhp2,Syne2,Tagln2,Tagln2,Tagln2,Abcb4,Dennd5b,Zc3h6,Tagln2,Tagln2,Rps2,Sugp2,Rpgrip1,Cox5a,Slc14a1,Klf2,Klf2,Zc3h6,Zc3h6,Il2rg
22,Nhp2,Lyar,Rpl10,Rps2,Vamp5,Rps2,Rfc2,Cox5a,Cox5a,Cox5a,P4hb,Hells,Gm42418,Tbxas1,Rpgrip1,Rpgrip1,Rpgrip1,Dnah8,Zc3h6,Hacd4,Ifrd2,Ifrd2,Rfc2,Osbpl1a,Cox5a,Hells,Cd69,Osbpl1a,Osbpl1a,Hacd4,Igf2bp2,Tie1
23,Rpgrip1,Pcna,Rps2,Rfc2,Cox5b,Rfc2,Lyar,Hells,Hells,Hells,Cox5b,P4hb,Cox5a,Eid2,Ifrd2,Cox5a,Cox5a,Itgb7,Hacd4,Nfic,Cox5a,Cox5a,Lyar,Msi2,Hells,P4hb,Kif20b,Msi2,Msi2,Nfic,Nfic,Nkx2-3
24,Egfl7,Tuba1b,Rfc2,Lyar,Rpl10,Lyar,Pcna,P4hb,P4hb,P4hb,Tmed2,Cox5b,Hells,Eva1b,Cox5a,Hells,Hells,Fli1,Nfic,Klf2,Hells,Hells,Pcna,Gm20467,Cox5b,Cox5b,Cpa3,Baz2b,Sesn3,Klf2,Hacd4,Zyx
25,Cox5a,Rps27l,Lyar,Pcna,Rps2,Pcna,Rbm39,Cox5b,Cox5b,Cox5b,Rpl10,Tmed2,P4hb,Myct1,Hells,P4hb,Cox5b,Mki67,Klf2,Osbpl1a,Cox5b,Cox5b,Tuba1b,Exoc6b,Tmed2,Tmed2,Abcb4,Sesn3,Casp4,Osbpl1a,Klf2,Ttc28
26,Hells,Rbm39,Pcna,Rbm39,Rfc2,Rbm39,Rps27l,Tmed2,Tmed2,Tmed2,Rps2,Rpl10,Cox5b,Nap1l3,Cox5b,Cox5b,Tmed2,Taok3,Osbpl1a,Msi2,Tmed2,Tmed2,Rps27l,Eid2,Rpl10,Rpl10,Tcf4,Casp4,Exoc6b,Msi2,Osbpl1a,Tox
27,P4hb,Rpl41,Rbm39,Rps27l,Lyar,Rps27l,Gpi1,Rpl10,Rpl10,Rpl10,Rfc2,Rps2,Tmed2,Slc2a3,Tmed2,Tmed2,Rpl10,Ccnb1,Msi2,Baz2b,Arpc1b,Arpc1b,Rbm39,Eva1b,Rps2,Rps2,Itgb7,Exoc6b,Syne2,Sesn3,Msi2,H2-Ob
28,Vamp5,Nop10,Rps27l,Gpi1,Pcna,Gpi1,Rpl41,Rps2,Rps2,Rps2,Hsp90b1,Rfc2,Rpl10,Adrb2,Arpc1b,Rpl10,Rps2,Hist1h4c,Sesn3,Sesn3,Rpl10,Rpl10,Rpl41,Myct1,Ftl1,Ftl1,Mki67,Syne2,Tbxas1,Fosb,Baz2b,Tmem71
29,Nt5c3,Hmgn1,Gpi1,Rpl41,Rbm39,Rpl41,Nop10,Rfc2,Rfc2,Rfc2,Lyar,Hsp90b1,Rps2,Ly75,Rpl10,Rps2,Ftl1,Cenpf,Fosb,Fosb,Rps2,Rps2,Nop10,Nap1l3,Hsp90b1,Hsp90b1,Hhex,Tbxas1,Gm20467,Casp4,Sesn3,Gm43568
30,Cox5b,Cbx3,Rpl41,Pnp,Rps27l,Nop10,Hmgn1,Hsp90b1,Hsp90b1,Hsp90b1,Pcna,Lyar,Rfc2,Tceal1,Rps2,Ftl1,Hsp90b1,Egfl7,Casp4,Casp4,Ftl1,Ftl1,Hmgn1,Pnck,Lyar,Lyar,Taok3,Gm20467,Eid2,Exoc6b,Fosb,Irf2
31,Tmed2,Eef1a1,Nop10,Hmgn1,Gpi1,Hmgn1,Cbx3,Lyar,Lyar,Lyar,Rbm39,Pcna,Hsp90b1,Pnck,Ftl1,Hsp90b1,Lyar,Nt5c3,Exoc6b,Exoc6b,Hsp90b1,Hsp90b1,Cbx3,Nrgn,Pcna,Pcna,Hist2h2aa1,Eid2,Eva1b,Syne2,Casp4,Herc3
32,Rpl10,Rps25,Hmgn1,Nop10,Rpl41,Srgn,Eef1a1,Pcna,Pcna,Pcna,Rps27l,Rbm39,Lyar,Lst1,Hsp90b1,Lyar,Pcna,Galnt6,Syne2,Syne2,Lyar,Lyar,Eef1a1,Rec8,Tuba1b,Rfc2,Ccnb1,Eva1b,Nap1l3,Gm20467,Exoc6b,Csad
33,Rps2,Rps7,Srgn,Cbx3,Pnp,Cbx3,Rps25,Rbm39,Rbm39,Rbm39,Gpi1,Rps27l,Pcna,Rec8,Lyar,Pcna,Rfc2,Ifngr1,Gm20467,Gm20467,Pcna,Pcna,Rps25,Tnfrsf18,Rfc2,Rps27l,Hist1h4c,Nap1l3,Slc2a3,Eid2,Syne2,Calcoco1
34,Rfc2,Hdgf,Cbx3,Eef1a1,Hmgn1,Eef1a1,Rps7,Rps27l,Rps27l,Rps27l,Rpl41,Gpi1,Rbm39,Snap47,Pcna,Rfc2,Rps27l,Atp8b4,Eid2,Eid2,Rfc2,Rfc2,Rps7,Nefh,Rps27l,Gpi1,AY036118,Slc2a3,Adrb2,Eva1b,Gm20467,Fam213a
35,Hsp90b1,Rpl18a,Eef1a1,Rps25,Nop10,Rps25,Hdgf,Gpi1,Gpi1,Gpi1,Nop10,Rpl41,Rps27l,Itm2a,Rfc2,Rps27l,Rbm39,Spi1,Eva1b,Eva1b,Rps27l,Rps27l,Hdgf,Snap47,Rpl41,Rpl41,Cenpf,Adrb2,Aldh1l1,Myct1,Eid2,Pcmtd2
36,Lyar,H2afj,Rps25,Gpx1,Cbx3,Rps7,Rpl18a,Rpl41,Rpl41,Rpl41,Hmgn1,Nop10,Gpi1,Lysmd2,Rps27l,Rbm39,Rpl41,Neil3,Myct1,Myct1,Rbm39,Rbm39,Rpl18a,Insl6,Gpi1,Nop10,Egfl7,Zfand5,Herc6,Nap1l3,Eva1b,Ier5
37,Pcna,Rps26,Rps7,Rps7,Eef1a1,Hdgf,Rps26,Nop10,Nop10,Nop10,Cbx3,Hmgn1,Rpl41,Pik3ip1,Rbm39,Rpl41,Gpi1,Irf2bp2,Nap1l3,Nap1l3,Rpl41,Rpl41,H2afj,Itm2a,Hmgn1,Hmgn1,Nt5c3,Aldh1l1,Tceal1,Slc2a3,Myct1,Plxdc2
38,Tuba1b,Lmnb1,Hdgf,Hdgf,Rps25,Cmtm7,Lmnb1,Hmgn1,Hmgn1,Hmgn1,Tmbim6,Cbx3,Nop10,Npdc1,Rpl41,Gpi1,Hmgn1,Cks2,Slc2a3,Slc2a3,Gpi1,Gpi1,Rps26,Lysmd2,Pnp,Cbx3,Galnt6,Tceal1,Pnck,Adrb2,Nap1l3,Samsn1
39,Rps27l,Actb,Rpl18a,Rpl18a,Gpx1,Tyms,Eif5a,Nefh,Cbx3,Cbx3,Eef1a1,Tmbim6,Hmgn1,Vwf,Gpi1,Hmgn1,Pnp,Cd9,Adrb2,Adrb2,Srgn,Srgn,Lmnb1,Npdc1,Nop10,Tmbim6,Ifngr1,Pnck,Lst1,Aldh1l1,Slc2a3,Ccdc112
40,Rbm39,Bub3,Tyms,Tyms,Rps7,Rpl18a,Cd81,Cbx3,Tmbim6,Tmbim6,Rps25,Eef1a1,Cbx3,Pik3r1,Srgn,Nop10,Nop10,Ms4a2,Aldh1l1,Aldh1l1,Hmgn1,Hmgn1,Actb,Sla2,Cbx3,Eef1a1,Sox4,Lst1,Rec8,Ly75,Adrb2,Maged1
41,Rpl41,Eif5a,Rps26,Rps26,Hdgf,Rps26,Psmb10,Tmbim6,Eef1a1,Eef1a1,Manf,Rps25,Tmbim6,Chst13,Hmgn1,Cbx3,Cbx3,Zeb2,Ly75,Kit,Pnp,Nop10,Eif5a,Nfat5,Tmbim6,Manf,Atp8b4,Rec8,Insl6,Herc6,Aldh1l1,Icam4
42,Gpi1,Psmb10,Lmnb1,Lmnb1,Rpl18a,Lmnb1,Mrpl33,Eef1a1,Rps25,Rps25,Rps7,Manf,Eef1a1,Sla2,Nop10,Tmbim6,Tmbim6,Fermt3,Herc6,Btg1,Nop10,Cbx3,H2afz,Dennd1c,Eef1a1,Gpx1,Spi1,Tnfrsf18,Itm2a,Kit,Kit,Thap1
43,Pnp,H2afz,Eif5a,Eif5a,Rps26,Eif5a,Parp1,Rps25,Manf,Manf,Lamtor4,Rps7,Rps25,Cd63,Cbx3,Eef1a1,Eef1a1,Epdr1,Kit,Tceal1,Cbx3,Tmbim6,Psmb10,Tgm2,Manf,Rps7,Neil3,Insl6,Lysmd2,Tceal1,Btg1,Nol4l
44,Nefh,Parp1,Cd81,Cd81,Sdsl,Cd81,Cox8a,Manf,Rps7,Gpx1,Hdgf,Lamtor4,Manf,Nfat5,Tmbim6,Rps25,Rps25,Tspo2,Tceal1,Pnck,Tmbim6,Eef1a1,Mrpl33,Gkap1,Gpx1,Lamtor4,Ptprc,Itm2a,Ptms,Pnck,Tceal1,Pcp4l1
45,Hmgn1,Cox8a,Mrpl33,Mrpl33,Lmnb1,Mrpl33,Etfb,Rps7,Lamtor4,Rps7,Rpl18a,Hdgf,Gpx1,Dennd1c,Eef1a1,Manf,Manf,Csrp3,Pnck,Lst1,Eef1a1,Rps25,Parp1,Apobr,Rps7,Hdgf,Irf2bp2,Lysmd2,Pik3ip1,Lst1,Pnck,Notch2
46,Nop10,Rpl39,Parp1,Parp1,Eif5a,Parp1,Rpl39,Lamtor4,Hdgf,Lamtor4,H2afj,Rpl18a,Rps7,Tsc22d1,Rps25,Rps7,Rps7,Casp3,Lst1,Tnfrsf18,Rps25,Manf,Cox8a,Car2,Hdgf,Rpl18a,Cks2,Pik3ip1,Npdc1,Lgals3bp,Lst1,Tpm2
47,Fermt3,Ubb,Cox8a,Cox8a,Cd81,Cox8a,Arpc1a,Hdgf,Rpl18a,Hdgf,Rps26,Tyms,Lamtor4,Tgm2,Manf,Lamtor4,Hdgf,Mis18bp1,Lgals3bp,Nefh,Manf,Rps7,Rpl39,Il2rg,Rpl18a,Tyms,Ramp1,Npdc1,Sla2,Snap47,Tnfrsf18,Hdac7
48,Cbx3,Rpl32,Etfb,Etfb,Psmb10,Etfb,Rpl32,Rpl18a,Tyms,Rpl18a,Lmnb1,H2afj,Hdgf,Gkap1,Rps7,Hdgf,Rpl18a,Tnfaip8l2,Snap47,Snap47,Rps7,Hdgf,Ubb,Nkx2-3,Tyms,H2afj,Milr1,Vwf,Parp11,Insl6,Snap47,Plek
49,Tmbim6,Eef2,Rpl39,Rpl39,Mrpl33,Rpl39,Eef2,H2afj,H2afj,Tyms,Actb,Rps26,Rpl18a,Rassf4,Hdgf,Rpl18a,Tyms,Hmgb2,Insl6,Insl6,Hdgf,Rpl18a,Rpl32,Tie1,H2afj,Lmnb1,Cd9,Sla2,Nfat5,Itm2a,Insl6,Ppp2r3a
50,Eef1a1,Dut,Arpc1a,Arpc1a,Parp1,Arpc1a,Dut,Rps26,Rps26,Vimp,Baz1a,Lmnb1,Tyms,Lbp,Rpl18a,Tyms,H2afj,Optn,Itm2a,Itm2a,Rpl18a,Tyms,Eef2,Flywch2,Lmnb1,Rps26,Ms4a2,Parp11,Dennd1c,Lysmd2,Itm2a,Vgll4
51,Rps25,Stmn1,Rpl32,Rpl32,Cox8a,Rpl32,Stmn1,Lmnb1,Lmnb1,H2afj,Eif5a,Actb,H2afj,Car2,Tyms,H2afj,Lmnb1,Fam64a,Lysmd2,Lysmd2,Tyms,H2afj,Dut,2900026A02Rik,Rps26,Actb,Zeb2,Nfat5,Tgtp2,Ptms,Lysmd2,Pdzk1ip1
52,Manf,Ung,Eef2,Eef2,Etfb,Eef2,Tmem14c,Actb,Actb,Rps26,Cd81,Baz1a,Rps26,Jund,H2afj,Lmnb1,Rps26,Plgrkt,Ptms,Pik3ip1,H2afj,Lmnb1,Stmn1,Oas1c,Actb,Eif5a,Fermt3,Dennd1c,Tsc22d1,Pik3ip1,Pik3ip1,Mdfi
53,Gpx1,Mif,Dut,Dut,Rpl39,Dut,Mif,Baz1a,Baz1a,Lmnb1,Psmb10,Eif5a,Lmnb1,Tie1,Lmnb1,Rps26,Actb,Hist1h1d,Pik3ip1,Npdc1,Lmnb1,Rps26,Ung,Selp,Eif5a,Cd81,Epdr1,Jun,Jun,Npdc1,Npdc1,Ly6a
54,Rps7,Smc1a,Stmn1,Stmn1,Arpc1a,Stmn1,Smc1a,Eif5a,Eif5a,Actb,H2afz,Cd81,Actb,Nkx2-3,Rps26,Actb,Eif5a,Spc24,Npdc1,Sla2,Rps26,Ptpn18,Mif,Ttc28,Cd81,H2afz,Chd3,Tgm2,Tgm2,Sla2,Sla2,Rgs1
55,Lamtor4,Srm,Tmem14c,Tmem14c,Rpl32,Tmem14c,Srm,Cd81,Cd81,Eif5a,Spcs2,H2afz,Baz1a,Flywch2,Ptpn18,Eif5a,Cd81,Gm15915,Pik3r1,Pik3r1,Ptpn18,Actb,Smc1a,H1f0,H2afz,Spcs2,Tspo2,Gkap1,Gkap1,Parp11,Nfat5,Rgag4
56,Hmgb2,Tmem14c,Mif,Mif,Eef2,Mif,Rpl12,Psmb10,H2afz,Cd81,Mrpl33,Spcs2,Eif5a,Oas1c,Actb,Cd81,H2afz,Aspm,Sla2,Nfat5,Actb,Eif5a,Srm,Uba7,Psmb10,Mrpl33,Prss57,Apobr,Apobr,Nfat5,Dennd1c,Cnrip1
57,Hdgf,Rpl12,Smc1a,Smc1a,Dut,Smc1a,Rpl9,H2afz,Spcs2,H2afz,Parp1,Mrpl33,Cd81,Selp,Eif5a,H2afz,Psmb10,Kif11,Parp11,Dennd1c,Eif5a,Cd81,Tmem14c,Gabbr1,Spcs2,Etfb,Csrp3,Car2,Car2,Dennd1c,Jun,P2ry14
58,Rpl18a,Ldha,Srm,Srm,Stmn1,Srm,Slc25a5,Spcs2,Mrpl33,Spcs2,Cox8a,Parp1,H2afz,Ttc28,Cd81,Spcs2,Spcs2,Epor,Nfat5,Jun,Cd81,H2afz,Erp29,Med12l,Mrpl33,Cox8a,Casp3,Il2rg,Il2rg,Tgtp2,Tgm2,S1pr1
59,H2afj,Eif1,Erp29,Erp29,Tmem14c,Erp29,Rps17,Mrpl33,Parp1,Mrpl33,Etfb,Cox8a,Spcs2,Bex1,H2afz,Mrpl33,Mrpl33,Esco2,Dennd1c,Tgm2,H2afz,Psmb10,Rpl12,Ppp1r9a,Etfb,Parp1,Mis18bp1,Nkx2-3,Tie1,Tsc22d1,Gkap1,Maml2
60,Rps26,Calm2,Rpl12,Rpl12,Mif,Rpl12,Ptma,Parp1,Cox8a,Parp1,Rpl39,Etfb,Mrpl33,Uba7,Psmb10,Etfb,Etfb,Bub3,Tgtp2,Gkap1,Psmb10,Spcs2,Ldha,Prkg1,Cox8a,Rpl39,Tnfaip8l2,Jund,Nkx2-3,Jun,Apobr,Mast4
61,Sdsl,Rpl9,Rpl9,Rpl9,Smc1a,Rpl9,Eif2s2,Cox8a,Etfb,Cox8a,Ubb,Rpl39,Parp1,Gabbr1,Spcs2,Cox8a,Cox8a,Adam10,Tsc22d1,Apobr,Spcs2,Mrpl33,Eif1,Tox,Parp1,Ubb,Hmgb2,Tie1,Jund,Tgm2,Car2,Hdgfrp3
62,Lmnb1,Slc25a5,Slc25a5,Slc25a5,Srm,Slc25a5,mt-Nd5,Etfb,Rpl39,Etfb,Arpc1a,Ubb,Cox8a,Plscr4,Mrpl33,Parp1,Parp1,Arhgap30,Jun,Car2,Klk8,Etfb,Calm2,2610035D17Rik,Rpl39,Rpl32,Optn,Flywch2,Samd9l,Gkap1,Jund,Tcf7l2
63,Actb,Rps17,Rps17,Rps17,Rpl12,Rps17,Hint1,Rpl39,Ubb,Rpl39,Rpl32,Rpl32,Etfb,Ppp1r9a,Etfb,Rpl39,Rpl39,Rhoh,Tgm2,Jund,Mrpl33,Cox8a,Rpl9,Stat4,Ubb,Eef2,Fam64a,2900026A02Rik,Epsti1,Apobr,Il2rg,Zfpm1
64,Eif5a,Ptma,Ptma,Ptma,Rpl9,Ptma,Rpsa,Ubb,Rpl32,Ubb,Eef2,Eef2,Rpl39,Prkg1,Cox8a,Ubb,Ubb,Tnik,Gkap1,Il2rg,Etfb,Parp1,Slc25a5,St3gal6,Rpl32,Dut,Hist1h1d,Oas1c,Flywch2,Car2,Nkx2-3,Myl10
65,Cd81,Eif2s2,Eif2s2,Eif2s2,Slc25a5,Eif2s2,Glrx5,Arpc1a,Eef2,Rpl32,Dut,Dut,Ubb,2610035D17Rik,Parp1,Rpl32,Rpl32,Hist1h3i,Apobr,Nkx2-3,Cox8a,Rpl39,Rps17,Tmem71,Eef2,Stmn1,Spc24,Asns,2900026A02Rik,Jund,Tie1,Maged2
66,Psmb10,Hint1,mt-Nd5,mt-Nd5,Spint2,mt-Nd5,Rps3a1,Rpl32,Dut,Eef2,Stmn1,Stmn1,Rpl32,Ctsh,Rpl39,Eef2,Eef2,Ccl9,Car2,Tie1,Parp1,Ubb,Ptma,Gm43568,Dut,Ung,Gm15915,Ttc28,Oas1c,Tie1,Flywch2,Psd3
67,H2afz,Ninj1,Hint1,Hint1,Rps17,Hint1,Shfm1,Eef2,Stmn1,Dut,Ung,Ung,Eef2,Stat4,Ubb,Dut,Dut,Tpx2,Jund,Flywch2,Rpl39,Rpl32,Eif2s2,Rnf122,Stmn1,Mif,Sdsl,H1f0,Ttc28,Nkx2-3,2900026A02Rik,Gm19590
68,Spcs2,Rpsa,Rpsa,Rpsa,Ptma,Rpsa,Ncl,Dut,Ung,Stmn1,Mif,Mif,Dut,St3gal6,Rpl32,Stmn1,Stmn1,Necap2,Tie1,2900026A02Rik,Ubb,Eef2,mt-Nd5,Herc3,Ung,Smc1a,Aspm,Bex1,Bex1,Il2rg,Oas1c,Ypel3
69,Mrpl33,Rps3a1,Ncl,Ncl,Eif2s2,Ncl,Nasp,Stmn1,Mif,Ung,Smc1a,Smc1a,Stmn1,Tmem71,Eef2,Ung,Ung,Cd37,Nkx2-3,Oas1c,Rpl32,Dut,Hint1,Bbc3,Mif,Srm,Epor,Uba7,Uba7,Samd9l,Ttc28,Il1rl1
70,Parp1,Ncl,Shfm1,Shfm1,mt-Nd5,Shfm1,Cox7b,Ung,Smc1a,Mif,Srm,Srm,Ung,Gm43568,Dut,Mif,Mif,Cd55,Il2rg,Ttc28,Eef2,Cenpv,Rpsa,Csad,Smc1a,Tmem14c,Esco2,Gabbr1,Gabbr1,Epsti1,H1f0,Il1r1
71,Cox8a,Nasp,Rps3a1,Rps3a1,Hint1,Rps3a1,C1qbp,Mif,Srm,Smc1a,Rpl12,Rpl12,Mif,Myof,Stmn1,Smc1a,Smc1a,Blvrb,Samd9l,Bex1,Dut,Stmn1,Myl6,Klhl24,Srm,Erp29,Kif11,Plscr4,Plscr4,Flywch2,Bex1,Pitpnc1
72,Etfb,C1qbp,Nasp,Nasp,Rpsa,Nasp,Calr,Smc1a,Rpl12,Srm,Ldha,Ldha,Smc1a,Rnf122,Ung,Srm,Srm,Zcchc6,Epsti1,Uba7,Cenpv,Ung,Rps3a1,Fcho2,Tmem14c,Rpl12,Bub3,Ppp1r9a,Ppp1r9a,2900026A02Rik,Uba7,Abcg1
73,Rpl39,Rps12,Cox7b,Cox7b,Icam4,Cox7b,Cox6a1,Srm,Ldha,Rpl12,Eif1,Eif1,Srm,Fcgrt,Mif,Tmem14c,Tmem14c,Smc2,Flywch2,Gabbr1,Stmn1,Mif,Rrm2,Ccl4,Erp29,Ldha,Ifi27l2a,Tox,Parp12,Oas1c,Gabbr1,Uvssa
74,Ubb,Ddx21,C1qbp,C1qbp,Ncl,C1qbp,Ddx5,Rpl12,Eif1,Ldha,Rpl9,Rpl9,Rpl12,Hmgn3,Smc1a,Erp29,Erp29,Serinc3,2900026A02Rik,Plscr4,Ung,Smc1a,Ncl,Calcoco1,Rpl12,Eif1,Adam10,2610035D17Rik,Tox,Ttc28,Plscr4,Plp2
75,Arpc1a,Fus,Calr,Cox6a1,Shfm1,Calr,Rps12,Ldha,Rpl9,Eif1,Canx,Canx,Ldha,Csad,Srm,Rpl12,Rpl12,Pdcd4,Oas1c,Ppp1r9a,Mif,Srm,Nasp,Fam213a,Ldha,Rpl9,Arhgap30,Stat4,2610035D17Rik,Bex1,Ppp1r9a,Fam84b
76,Rpl32,Ddx39,Cox6a1,Ddx5,Rps3a1,Cox6a1,Fus,Eif1,Canx,Rpl9,Slc25a5,Slc25a5,Eif1,Klhl24,Tmem14c,Ldha,Ldha,Anxa2,Ttc28,Tox,Smc1a,Tmem14c,C1qbp,Pcmtd2,Eif1,Canx,Rhoh,St3gal6,Stat4,Uba7,Tox,Zbtb16
77,Eef2,Ifitm2,Ddx5,Rps12,Nasp,Ddx5,Ddx21,Rpl9,Slc25a5,Canx,Rps17,Rps17,Rpl9,Calcoco1,Erp29,Eif1,Eif1,Gdf3,Bex1,2610035D17Rik,Srm,Erp29,Rps12,Ifitm1,Calm2,Slc25a5,Tnik,Myof,St3gal6,Gabbr1,2610035D17Rik,Rab37
78,Dut,Tubb5,Rps12,Ddx21,Cox7b,Rps12,Hnrnpa2b1,Canx,Rps17,Slc25a5,Ptma,Serp1,Canx,Fam213a,Rpl12,Rpl9,Rpl9,H2-Ob,Uba7,Stat4,Tmem14c,Rpl12,Ddx21,Bicd1,Rpl9,Rps17,Hist1h3i,Rnf122,Myof,Plscr4,Stat4,Fam73a
79,Stmn1,Hnrnpa2b1,Ddx21,Pgam1,C1qbp,Ddx21,Rpl17,Slc25a5,Serp1,Rps17,Eif2s2,Ptma,Slc25a5,Pcmtd2,Ldha,Canx,Canx,Gm2a,Gabbr1,St3gal6,Erp29,Ldha,Ddx5,Kdm6b,Canx,Serp1,Ccl9,Herc3,Rnf122,Ppp1r9a,St3gal6,Clec4e
80,Ung,Rpl17,Pgam1,Hnrnpa2b1,Calr,Pgam1,Dnmt1,Rps17,Ptma,Serp1,mt-Nd5,Eif2s2,Rps17,Ifitm1,Eif1,Slc25a5,Slc25a5,Adssl1,Plscr4,Tmem71,Rpl12,Eif1,Fus,Plxdc2,Slc25a5,Ptma,Necap2,Bbc3,Bbc3,Parp12,Tmem71,Padi4
81,Mif,Dnmt1,Hnrnpa2b1,Rpl17,Cox6a1,Hnrnpa2b1,Atpif1,Ptma,Eif2s2,Ptma,Hint1,mt-Nd5,Serp1,Bicd1,Rpl9,Rps17,Rps17,H1fx,Ppp1r9a,Gm43568,Ldha,Rpl9,Ddx39,Tmem140,Rps17,Eif2s2,Cd37,Fcgrt,Fcgrt,Tox,Gm43568,Smim6
82,Smc1a,Atpif1,Hp1bp3,Dnmt1,Ddx5,Hp1bp3,Paip2,Eif2s2,mt-Nd5,Eif2s2,Rpsa,Hint1,Ptma,Kdm6b,Malat1,Serp1,Ptma,Tnfaip2,Parp12,Myof,Eif1,Malat1,Ifitm2,Prkca,Ptma,Hint1,Tpx2,Hmgn3,Hmgn3,2610035D17Rik,Myof,Ccrl2
83,Srm,Cd47,Rpl17,Atpif1,Rps12,Rpl17,Dbi,mt-Nd5,Hint1,mt-Nd5,Prdx5,Rpsa,Eif2s2,Plxdc2,Canx,Ptma,Eif2s2,Cdc20,Tox,Rnf122,Rpl9,Canx,Pgam1,Hlf,Eif2s2,Rpsa,Rgs10,Csad,Csad,Stat4,Rnf122,Cuedc1
84,Rpl12,Tpt1,Dnmt1,Paip2,Fus,Dnmt1,Cd47,Hint1,Rpsa,Hint1,Myl6,Prdx5,mt-Nd5,Selm,Slc25a5,Eif2s2,mt-Nd5,Cd48,2610035D17Rik,Herc3,Malat1,Slc25a5,Hnrnpa2b1,0610009L18Rik,Hint1,Prdx5,Cd55,Klhl24,Klhl24,St3gal6,Herc3,P3h3
85,Ldha,Prdx1,Atpif1,Dbi,Ddx21,Atpif1,Tpt1,Rpsa,Prdx5,Rpsa,Rps3a1,Myl6,Hint1,Slfn2,Pkm,mt-Nd5,Hint1,Tuba8,Stat4,Bbc3,Canx,Pkm,Rpl17,Ccdc112,Rpsa,Myl6,Irf8,Fcho2,Fcho2,Tmem71,Bbc3,Csf1
86,Eif1,Cacybp,Paip2,Cd47,Hnrnpa2b1,Paip2,Prdx1,Prdx5,Myl6,Prdx5,Shfm1,Rps3a1,Rpsa,Tmem140,Rps17,Hint1,Rpsa,F2r,St3gal6,Fcgrt,Slc25a5,Rps17,Dnmt1,Maged1,Prdx5,Rps3a1,Blvrb,Ccl4,Ccl4,Gm43568,Fcgrt,Rufy2
87,Rpl9,Ranbp1,Dbi,Tpt1,Rpl17,Dbi,Cacybp,Myl6,Rps3a1,Myl6,Ncl,Shfm1,Prdx5,Hlf,Ptma,Rpsa,Prdx5,Ctsg,Tmem71,Hmgn3,Pkm,Ptma,Atpif1,Thap1,Myl6,Rrm2,Smc2,Calcoco1,Calcoco1,Myof,Hmgn3,Ctla2b
88,Canx,H3f3b,Cd47,Prdx1,Dnmt1,Cd47,Clspn,Rps3a1,Shfm1,Rps3a1,Nasp,Ncl,Myl6,0610009L18Rik,Eif2s2,Prdx5,Myl6,Prkar2b,Gm43568,Csad,Rps17,Eif2s2,Cd47,Hist1h2bc,Rps3a1,Shfm1,Serinc3,Fam213a,Fam213a,Rnf122,Csad,Mecom
89,Slc25a5,Ppia,Tpt1,Cacybp,Atpif1,Tpt1,Erdr1,Shfm1,Ncl,Shfm1,Cox7b,Nasp,Rps3a1,Ccdc112,mt-Nd5,Myl6,Rps3a1,Pafah1b3,Myof,Klhl24,Ptma,mt-Nd5,Tpt1,Hoxb4,Rrm2,Nasp,Pdcd4,Pcmtd2,Pcmtd2,Bbc3,Klhl24,Fam69b
90,Spint2,Rps21,Prdx1,Ctsz,Paip2,Prdx1,Ranbp1,Ncl,Nasp,Ncl,C1qbp,Cox7b,Shfm1,Maged1,Hint1,Rps3a1,Rrm2,Clec4d,Rnf122,Fcho2,Eif2s2,Hint1,Prdx1,Erg,Shfm1,Ncl,Anxa2,Ifitm1,Ifitm1,Fcgrt,Fcho2,Mta3
91,Rps17,Ran,Cacybp,Erdr1,Tbrg1,Cacybp,Rps21,Nasp,Cox7b,Nasp,Calr,C1qbp,Ncl,Hebp1,Rpsa,Rrm2,Shfm1,Tubb4b,Bbc3,Ccl4,mt-Nd5,Rpsa,Cacybp,Kalrn,Nasp,Cox7b,Gdf3,Bicd1,Bicd1,Hmgn3,Ccl4,Rab6b
92,Ptma,Hmgb1,Ctsz,Ranbp1,Dbi,Ctsz,Ppia,Cox7b,C1qbp,Cox7b,Hmgn2,Calr,Nasp,Dusp1,Alad,Shfm1,Nasp,Cdca8,Fcgrt,Calcoco1,Hint1,Alad,Clspn,Aplp2,Ncl,C1qbp,H2-Ob,Kdm6b,Kdm6b,Csad,Calcoco1,Art4
93,Eif2s2,Nap1l1,Erdr1,Rps21,Cd47,Erdr1,Ran,C1qbp,Calr,C1qbp,Cox6a1,Hmgn2,Cox7b,Cd24a,Prdx5,Nasp,Ncl,Pbx1,Hmgn3,Fam213a,Rpsa,Prdx5,Ranbp1,Notch2,Cox7b,Hmgn2,Gm2a,Plxdc2,Plxdc2,Klhl24,Fam213a,Myo1c
94,mt-Nd5,Pa2g4,Ranbp1,Ppia,Tpt1,Ranbp1,Sec61b,Calr,Hmgn2,Hmgn2,Ddx5,Cox6a1,C1qbp,Marcks,Myl6,Ncl,Cox7b,Gm11697,Csad,Pcmtd2,Alad,Myl6,H3f3b,Upp1,C1qbp,Cox6a1,Adssl1,Selm,Selm,Fcho2,Pcmtd2,Gpr171
95,Tubb4b,Rps4x,Rps21,Ran,Prdx1,Rps21,Gatm,Hmgn2,Cox6a1,Cox6a1,Rps12,Ddx5,Hmgn2,Bcl3,Glrx5,Cox7b,C1qbp,Sell,Klhl24,Ifitm1,Prdx5,Glrx5,Ppia,Ctnnal1,Hmgn2,Rps12,H1fx,Slfn2,Slfn2,Ccl4,Ifitm1,Procr
96,Samsn1,Serbp1,Ppia,Sec61b,Cacybp,Ppia,Nap1l1,Cox6a1,Ddx5,Ddx5,Fus,Rps12,Cox6a1,Hoxb4,Rps3a1,C1qbp,Hmgn2,Tacstd2,Fcho2,Kdm6b,Myl6,Rps3a1,Rps21,Gng11,Cox6a1,Ddx21,Tnfaip2,Tmem140,Tmem140,Calcoco1,Kdm6b,Lpp
97,Hint1,Ppdpf,Ran,Nap1l1,Clspn,Ran,Pa2g4,Ddx5,Rps12,Rps12,Ddx39,Fus,Ddx5,Erg,Rrm2,Hmgn2,Cox6a1,Gp5,Ccl4,Plxdc2,Glrx5,Rrm2,Ran,Impact,Rps12,Fus,Cdc20,Hlf,Hlf,Fam213a,Plxdc2,Gimap6
98,Rpsa,Rpl21,Sec61b,Pa2g4,Erdr1,Sec61b,Rps4x,Rps12,Fus,Fus,Ifitm2,Ddx39,Rps12,Cldn15,Shfm1,Cox6a1,Rps12,Fam46a,Calcoco1,Selm,Rps3a1,Shfm1,Hmgb1,Dusp6,Ddx21,Ddx39,Cd48,0610009L18Rik,0610009L18Rik,Pcmtd2,Selm,Ssbp2
99,Icam4,Rpl22l1,Nap1l1,Rps4x,Ranbp1,Nap1l1,Serbp1,Fus,Ddx39,Ddx39,Ddx21,Ifitm2,Fus,Ttc39b,Nasp,Rps12,Ddx21,Lat,Fam213a,Slfn2,Rrm2,Nasp,Nap1l1,Cul9,Fus,Ifitm2,Tuba8,Ccdc112,Ccdc112,Ifitm1,Slfn2,Cd84
100,Prdx5,Gpx4,Pa2g4,Serbp1,Ap3s1,Pa2g4,Rpl21,Ddx39,Ifitm2,Ifitm2,Ddost,Ddx21,Ddx39,Fam134b,Ncl,Ddx21,Ddx5,Hist1h1a,Pcmtd2,Tmem140,Shfm1,Ncl,Pa2g4,Pcgf2,Ddx39,Crip1,F2r,Maged1,Maged1,Kdm6b,Tmem140,Tns1
101,Myl6,mt-Co1,Rps4x,Rpl21,Rps21,Rps4x,Rpl22l1,Ifitm2,Ddx21,Ddx21,Pdia6,Ddost,Ifitm2,Aplp2,Cox7b,Ddx5,Fus,Cd53,Ifitm1,Hlf,Nasp,Cox7b,Rps4x,Tnfsf10,Ifitm2,Ddost,Ctsg,Kdm5b,Dusp1,Plxdc2,Hlf,Padi2
102,Rps3a1,mt-Nd2,Serbp1,Rpl22l1,Ppia,Serbp1,Gpx4,Ddx21,Ddost,Ddost,Hnrnpa2b1,Pdia6,Ddx21,Ctnnal1,C1qbp,Fus,Ddx39,Icam4,Kdm6b,0610009L18Rik,Ncl,C1qbp,Serbp1,Gm16141,Crip1,Pdia6,Prkar2b,Dusp1,Sytl1,Selm,0610009L18Rik,Casp12
103,Shfm1,Psip1,Rpl21,Gpx4,Ran,Rpl21,mt-Co1,Ddost,Pdia6,Pdia6,Lamp1,Hnrnpa2b1,Ddost,Upp1,Hmgn2,Ddx39,Crip1,Slco3a1,Plxdc2,Ccdc112,Cox7b,Hmgn2,Serf2,Msmo1,Ddost,Cyba,Pafah1b3,Sytl1,Thap1,Slfn2,Ccdc112,Il12a
104,Ncl,Rpl30,Rpl22l1,mt-Co1,Sec61b,Rpl22l1,mt-Nd2,Pdia6,Hnrnpa2b1,Hnrnpa2b1,Rpl17,Lamp1,Pdia6,Gng11,Cox6a1,Crip1,Ifitm2,Slc38a5,Selm,Maged1,C1qbp,Cox6a1,Rpl21,Ccdc171,Pdia6,Hnrnpa2b1,Clec4d,Thap1,Bcl3,Tmem140,Maged1,1500009L16Rik
105,Nasp,H2afy,Gpx4,mt-Nd2,Zfpm1,Gpx4,Rpl30,Hnrnpa2b1,Lamp1,Lamp1,Dnmt1,Rpl17,Hnrnpa2b1,Impact,Rps12,Ifitm2,Ddost,Fut7,Slfn2,Dusp1,Hmgn2,Rps12,Rpl22l1,Plxna4os1,Cyba,Lamp1,Tubb4b,Bcl3,Hist1h2bc,Hlf,Dusp1,Rbpms
106,Cox7b,Erh,mt-Co1,Rpl30,Nap1l1,mt-Co1,Psip1,Lamp1,Rpl17,Rpl17,Atpif1,Dnmt1,Lamp1,Ppic,Ddx21,Ddost,Pdia6,Ugcg,Tmem140,Sytl1,Cox6a1,Ddx21,Gpx4,Nceh1,Hnrnpa2b1,Rpl17,Cdca8,Hist1h2bc,Hoxb4,0610009L18Rik,Sytl1,Hoxa9
107,C1qbp,Rpl10a,mt-Nd2,Psip1,Pa2g4,mt-Nd2,Mbnl1,Rpl17,Dnmt1,Dnmt1,Paip2,Atpif1,Rpl17,Cul9,Ddx5,Pdia6,Cyba,Birc5,Hlf,Bcl3,Rps12,Ddx5,mt-Co1,Sgms1,Lamp1,Dnmt1,Gm11697,Hoxb4,Erg,Ccdc112,Bcl3,Cish
108,Calr,Mcm3,Rpl30,Erh,Rps4x,Rpl30,Erh,Dnmt1,Atpif1,Atpif1,Dbi,Paip2,Dnmt1,Gm16141,Fus,Cyba,Hnrnpa2b1,Tespa1,0610009L18Rik,Hist1h2bc,Ddx21,Fus,Tspo,H2-Q6,Rpl17,Atpif1,Sell,Erg,Ttc39b,Maged1,Hist1h2bc,Asph
109,Hmgn2,Hspd1,Psip1,Rpl10a,Serbp1,Psip1,Rpl10a,Atpif1,Paip2,Paip2,Cd47,Dbi,Atpif1,Zfp467,Ddx39,Hnrnpa2b1,Rpl17,Mpo,Ccdc112,Hoxb4,Ddx5,Ddx39,mt-Nd2,Ppp2r3a,Dnmt1,Paip2,Tacstd2,Ttc39b,Aplp2,Dusp1,Hoxb4,Ggt5
110,Cox6a1,Psme1,Mbnl1,Mcm3,Rpl21,Mbnl1,Mcm3,Paip2,Dbi,Dbi,Tpt1,Cd47,Paip2,Msmo1,Crip1,Rpl17,Dnmt1,Cdkn3,Maged1,Erg,Fus,Crip1,Psip1,Cyp2j6,Atpif1,Dbi,Gp5,Kalrn,Notch2,Sytl1,Erg,Dennd5b
111,Ddx5,mt-Nd1,Erh,Hspd1,Rpl22l1,Erh,Hspd1,Tbrg1,Cd47,Cd47,Ostc,Tpt1,Dbi,Prmt2,Ifitm2,Dnmt1,Atpif1,Hist1h1b,Dusp1,Ttc39b,Ddx39,Ifitm2,Rpl30,Vgll4,Paip2,Cd47,Fam46a,Aplp2,Upp1,Bcl3,Ttc39b,Myct1
112,Rps12,Anp32e,Rpl10a,Psme1,Gpx4,Rpl10a,Psme1,Dbi,Tpt1,Tpt1,Prdx1,Ostc,Cd47,Serpinf1,Ddost,Atpif1,Paip2,Tgfbr3,Sytl1,Aplp2,Crip1,Ddost,Dynll1,Ube2l6,Dbi,Tpt1,Hist1h1a,Notch2,Ctnnal1,Hist1h2bc,Aplp2,Galnt6
113,Fus,Npm1,Mcm3,mt-Nd1,mt-Co1,Mcm3,mt-Nd1,Cd47,Ostc,Ostc,Cacybp,Prdx1,Tpt1,Gda,Pdia6,Paip2,Dbi,Casc5,Bcl3,Ctnnal1,Ifitm2,Pdia6,Erh,Pdzk1ip1,Cd47,Ostc,Cd53,Upp1,Gng11,Hoxb4,Ctnnal1,Sox4
114,Ddx39,Rps5,Hspd1,Npm1,mt-Nd2,Hspd1,Npm1,Tpt1,Prdx1,Prdx1,Kdelr2,Cacybp,Ostc,Glul,Cyba,Dbi,Cd47,Ankrd12,Hist1h2bc,Upp1,Ddost,Cyba,Rpl10a,Mdfi,Tpt1,Prdx1,Tifab,Ctnnal1,Impact,Erg,Upp1,Snap47
115,Ifitm2,Gmnn,Psme1,Rps5,Rpl30,Psme1,Rps5,Ostc,Cacybp,Cacybp,Dnajc3,Kdelr2,Prdx1,Ccdc171,Hnrnpa2b1,Cd47,Tpt1,Kif23,Hoxb4,Gng11,Pdia6,Hnrnpa2b1,Mcm3,Irgm2,Ostc,Kdelr2,Icam4,Gng11,Ppic,Ttc39b,Gng11,Itm2a
116,Ddx21,Actg1,mt-Nd1,Gmnn,H2afy,mt-Nd1,Gmnn,Prdx1,Kdelr2,Kdelr2,Clspn,Dnajc3,Cacybp,Plxna4os1,Ubac1,Tpt1,Ostc,Diaph1,Erg,Impact,Cyba,Ubac1,Hspd1,Adck3,Prdx1,Dnajc3,Slco3a1,Impact,Dusp6,Aplp2,Impact,Chd3
117,Ddost,Lig1,Npm1,Rpn1,Psip1,Npm1,Rpn1,Cacybp,Dnajc3,Dnajc3,Erdr1,Clspn,Kdelr2,Nceh1,Rpl17,Ostc,Prdx1,Mef2c,Ttc39b,Dusp6,Hnrnpa2b1,Rpl17,Psme1,Trove2,Kdelr2,Cacybp,Slc38a5,Ppic,Cul9,Ctnnal1,Dusp6,Csrp3
118,Pdia6,Rplp1,Rps5,Lig1,Erh,Rps5,Mrpl52,Kdelr2,Clspn,Clspn,Ranbp1,Ctsz,Dnajc3,Ier3,Dnmt1,Prdx1,Kdelr2,Hist1h2ap,Aplp2,Cul9,Ubac1,Dnmt1,mt-Nd1,Rgs1,Dnajc3,Clspn,Fut7,Dusp6,Pcgf2,Upp1,Cul9,Lag3
119,Tubb5,Rexo2,Gmnn,Rplp1,Rpl10a,Gmnn,Lig1,Dnajc3,Ctsz,Ctsz,H3f3b,Erdr1,Clspn,Sgms1,Atpif1,Kdelr2,Cacybp,Top2a,Ctnnal1,Pcgf2,Rpl17,Atpif1,Anp32e,Rgag4,Cacybp,Ctsz,Ugcg,Cul9,Tnfsf10,Gng11,Pcgf2,Dennd1c
120,Hnrnpa2b1,Alyref,Rpn1,Rexo2,Mcm3,Rpn1,Rplp1,Clspn,Erdr1,Erdr1,Rps21,Ranbp1,Ctsz,B4galt6,Paip2,Cacybp,Clspn,Xpc,Upp1,Tnfsf10,Dnmt1,Paip2,Npm1,Sgce,Clspn,Erdr1,S100a1,Pcgf2,Gm16141,Impact,Tnfsf10,Sdsl
121,Lamp1,Ybx3,Mrpl52,Alyref,Hspd1,Mrpl52,Rexo2,Erdr1,Ranbp1,Ranbp1,Ppia,H3f3b,Erdr1,Pla2g12a,Dbi,Clspn,Erdr1,Ptpre,Gng11,Gm16141,Atpif1,Dbi,Rps5,Cnrip1,Erdr1,Ranbp1,Birc5,Tnfsf10,Carhsp1,Dusp6,Gm16141,Car2
122,Rpl17,Sepw1,Lig1,Ybx3,Psme1,Lig1,Alyref,Ranbp1,H3f3b,H3f3b,Ran,Rps21,Ranbp1,Ppp2r3a,Cd47,Ctsz,Ranbp1,Spc25,Impact,Zfp467,Paip2,Cd47,Gmnn,Ptrf,Ranbp1,H3f3b,Tespa1,Gm16141,Zfp467,Cul9,Zfp467,H1f0
123,Dnmt1,Rps14,Rplp1,Rps14,mt-Nd1,Rplp1,Ybx3,H3f3b,Rps21,Rps21,Sec61b,Ppia,H3f3b,Cyp2j6,Tpt1,Erdr1,H3f3b,Prc1,Dusp6,Msmo1,Dbi,Tpt1,Actg1,Parp11,H3f3b,Ppia,Ms4a6c,Zfp467,Msmo1,Pcgf2,Msmo1,Ppp1r9a
124,Atpif1,Bst2,Hmgb3,Rpl23,Npm1,Rexo2,Rps14,Rps21,Ppia,Ppia,Gatm,Ran,Rps21,Nfkbia,Ostc,Ranbp1,Ppia,Nucb2,Cul9,Prmt2,Cd47,Ostc,Lig1,S1pr1,Ppia,Rps21,Mpo,Msmo1,Prmt2,Tnfsf10,Prmt2,2610035D17Rik
125,Paip2,Rpl23,Rexo2,Dek,Rps5,Alyref,Rpl23,Ppia,Ran,Ran,Hmgb1,Sec61b,Ppia,Ldhb,Prdx1,H3f3b,Rps21,Lpcat2,Pcgf2,Gda,Tpt1,Prdx1,Cst3,Maml2,Rps21,Ran,Cdkn3,Prmt2,C3,Gm16141,Plxnc1,Stat4
126,Tbrg1,Clic1,Alyref,Rps8,Gmnn,Ybx3,Dek,Ran,Sec61b,Sec61b,Nap1l1,Gatm,Ran,Pdzk1ip1,Kdelr2,Ppia,Ran,Hdac7,Tnfsf10,Glul,Ostc,Kdelr2,Rplp1,Mast4,Ran,Sec61b,Hist1h1b,C3,Gda,Carhsp1,Gda,H1fx
127,Dbi,Dek,Ybx3,Cycs,Rpn1,Rps14,Rps8,Sec61b,Gatm,Hmgb1,Pa2g4,Hmgb1,Sec61b,Mdfi,Cacybp,Rps21,Sec61b,Plek,Gm16141,Ccdc171,Prdx1,Cacybp,Rexo2,Emcn,Sec61b,Hmgb1,Casc5,Gda,Glul,Zfp467,Glul,Arid1b
128,Cd47,Rps8,Rps14,Capza2,Lig1,Rpl23,Cycs,Gatm,Hmgb1,Nap1l1,Rps4x,Nap1l1,Gatm,Adck3,Clspn,Ran,Hmgb1,Gna14,Zfp467,Plxna4os1,Kdelr2,Clspn,Atrx,Hdgfrp3,Hmgb1,Nap1l1,Ankrd12,Glul,Ccdc171,Msmo1,Ccdc171,Tmem140
129,Tpt1,Cycs,Rpl23,Atp5g1,Rplp1,Dek,Atp5g1,Hmgb1,Nap1l1,Pa2g4,Serbp1,Pa2g4,Hmgb1,Trove2,Erdr1,Sec61b,Nap1l1,C1galt1,Msmo1,Nceh1,Cacybp,Erdr1,Alyref,Rbp1,Nap1l1,Pa2g4,Kif23,Ccdc171,Plxna4os1,Prmt2,Plxna4os1,Prkca
130,Ostc,Capza2,Dek,Atp5o,Hmgb3,Rps8,Atp5o,Nap1l1,Pa2g4,Rps4x,Ppdpf,Rps4x,Nap1l1,Fam212a,Ranbp1,Hmgb1,Pa2g4,Tm6sf1,Prmt2,Sgms1,Clspn,Ranbp1,Ybx3,Dst,Pa2g4,Rps4x,Diaph1,Plxna4os1,Trp53i11,Gda,Nceh1,Zfp36l1
131,Prdx1,Atp5g1,Rps8,Dctpp1,Npc2,Cycs,Dctpp1,Pa2g4,Rps4x,Serbp1,Serf2,Serbp1,Pa2g4,Sgce,H3f3b,Nap1l1,Rps4x,Lockd,Gda,H2-Q6,Erdr1,H3f3b,Sepw1,Letm2,Rps4x,Serbp1,Chd2,Nceh1,Nceh1,Glul,Sgms1,Slco3a1
132,Cacybp,Dctpp1,Cycs,Dnaja1,Rexo2,Capza2,Dnaja1,Rps4x,Serbp1,Serf2,Rpl21,Serf2,Rps4x,Cnrip1,Ppia,Pa2g4,Serbp1,Treml1,Glul,B4galt6,Ranbp1,Ppia,Rps14,1700040L02Rik,Serbp1,Serf2,Hist1h2ap,Ier3,Sgms1,Ccdc171,H2-Q6,Hoxb4
133,Kdelr2,Dnaja1,Capza2,Hspa8,Alyref,Atp5g1,Ifi47,Serbp1,Serf2,Rpl21,Rpl22l1,Rpl21,Serbp1,Arhgef12,Rps21,Rps4x,Serf2,Gp9,Ccdc171,Cyp2j6,H3f3b,Rps21,Rpl23,Gimap5,Serf2,Rpl21,Top2a,Sgms1,H2-Q6,Plxna4os1,B4galt6,Tespa1
134,Dnajc3,2700094K13Rik,Atp5g1,Uqcrq,Ybx3,Atp5o,Hspa8,Ppdpf,Rpl21,Rpl22l1,Gpx4,Rpl22l1,Serf2,Ptrf,Ran,Serbp1,Rpl21,Cd52,Plxna4os1,Vgll4,Ppia,Ran,Clic1,Hoxb2,Rpl21,Rpl22l1,Mef2c,H2-Q6,B4galt6,Trp53i11,Cyp2j6,Fam134b
135,Clspn,Hspa8,Atp5o,mt-Atp6,Rps14,Dctpp1,Uqcrq,Serf2,Rpl22l1,Gpx4,Actr3,Gpx4,Rpl21,Mycn,Sp110,Serf2,Rpl22l1,Gse1,Trp53i11,Nfkbia,Rps21,Sp110,Dek,Znfx1,Rpl22l1,Gpx4,Xpc,B4galt6,Ppp2r3a,Nceh1,Vgll4,Upp1
136,Erdr1,Uqcrq,Dctpp1,Ndufa4,Rpl23,Dnaja1,mt-Atp6,Rpl21,Gpx4,Actr3,mt-Co1,Actr3,Rpl22l1,Emcn,Sec61b,Rpl21,Gpx4,Fam65a,Nceh1,Ldhb,Ran,Sec61b,Rps8,Tns1,Gpx4,Actr3,Ptpre,Ppp2r3a,Cyp2j6,Sgms1,Nfkbia,Tnfsf10
137,Ranbp1,mt-Atp6,Dnaja1,Rps9,Dek,Ifi47,Ndufa4,Rpl22l1,Actr3,mt-Co1,Tspo,mt-Co1,Gpx4,Maml2,Hmgb1,Rpl22l1,mt-Co1,Runx1,Sgms1,Ube2l6,Sp110,Hmgb1,Cycs,Maged2,Psip1,Psip1,Spc25,Cyp2j6,Vgll4,H2-Q6,Ldhb,Slamf1
138,Ap3s1,Ndufa4,Ifi47,Zfp706,Rps8,Hspa8,Rps9,Gpx4,mt-Co1,mt-Nd2,mt-Nd2,mt-Nd2,Actr3,Mast4,Nap1l1,Gpx4,Tspo,Nusap1,H2-Q6,Mdfi,Sec61b,Nap1l1,Capza2,Hbb-bt,Rpl30,Rpl30,Dntt,Vgll4,Ldhb,B4galt6,Ube2l6,Trp53i11
139,H3f3b,Zfp706,Hspa8,Naca,Cycs,Uqcrq,Zfp706,Actr3,mt-Nd2,Rpl30,Rpl30,Rpl30,mt-Co1,Rbp1,Pa2g4,Actr3,mt-Nd2,Steap3,B4galt6,Irgm2,Hmgb1,Pa2g4,Atp5g1,Prkcq,Dynll1,Dynll1,Prc1,Ldhb,Ube2l6,Cyp2j6,Mdfi,Sgms1
140,Rps21,Laptm4a,Uqcrq,Anp32b,Atp5g1,mt-Atp6,Naca,mt-Co1,Rpl30,Psip1,Psip1,Psip1,mt-Nd2,Hdgfrp3,Rps4x,mt-Co1,Psip1,Pf4,Cyp2j6,Adck3,Nap1l1,Rps4x,Atp5o,Gm19590,Lta4h,Lta4h,Nucb2,Ube2l6,Pdzk1ip1,Vgll4,Irgm2,Gna14
141,Ppia,Naca,mt-Atp6,Hsp90ab1,Atp5o,Ndufa4,Anp32b,mt-Nd2,Psip1,Dynll1,Dynll1,Dynll1,Rpl30,Dst,Serbp1,mt-Nd2,Rpl30,Ffar2,Vgll4,Trove2,Pa2g4,Serbp1,Dctpp1,G430095P16Rik,Krtcap2,Krtcap2,Lpcat2,Pdzk1ip1,Mdfi,Nfkbia,Adck3,Basp1
142,Ran,Anp32b,Ndufa4,Rps24,Dctpp1,Rps9,Hsp90ab1,Rpl30,Dynll1,Lta4h,Mbnl1,Lta4h,Psip1,Letm2,Serf2,Psip1,Dynll1,Lmo4,Nfkbia,Dusp28,Rps4x,Serf2,Dnaja1,Sertad3,Erh,Erh,Tfrc,Mdfi,Irgm2,Ldhb,Trove2,Gse1
143,Sec61b,Hsp90ab1,Rps9,Hnrnpa3,Dnaja1,Zfp706,Rps24,Psip1,Lta4h,Krtcap2,Krtcap2,Krtcap2,Dynll1,Zfhx3,Rpl21,Rpl30,Lta4h,Hist2h2ac,Ldhb,Rgs1,Serbp1,Rpl21,2700094K13Rik,Sepp1,Fam49b,Fam49b,Plek,Irgm2,Adck3,Ube2l6,Dusp28,Emcn
144,Hmgb1,Rps9,Zfp706,Nolc1,Hspa8,Naca,Hnrnpa3,Dynll1,Krtcap2,Fam49b,Fam49b,Fam49b,Lta4h,1700040L02Rik,Rpl22l1,Dynll1,Krtcap2,P2ry14,Ube2l6,Rgag4,Serf2,Rpl22l1,Hspa8,Hoxa5,Rpl10a,Rpl10a,Gna14,Adck3,Ly6a,Mdfi,Rgs1,Rbp1
145,Zfpm1,Rps24,Naca,Nsa2,Uqcrq,Anp32b,Nolc1,Mbnl1,Fam49b,Erh,Erh,Mbnl1,Krtcap2,Gimap5,Gpx4,Lta4h,Erh,Ddah2,Mdfi,Sgce,Rpl21,Gpx4,Uqcrq,Mkl2,Sh3glb1,Mcm3,Treml1,Trove2,Dusp28,Irgm2,Rgag4,Cd59a
146,Nap1l1,Hnrnpa3,Anp32b,mt-Cytb,mt-Atp6,Hsp90ab1,Nsa2,Krtcap2,Mbnl1,Rpl10a,Rpl10a,Erh,Fam49b,Hoxb2,mt-Co1,Krtcap2,Fam49b,Rab27b,Irgm2,Cnrip1,Rpl22l1,mt-Co1,mt-Atp6,Neurl3,Mcm3,Hspd1,Tm6sf1,Dusp28,Rgs1,Adck3,Sgce,Kctd1
147,Pa2g4,Nsa2,Hsp90ab1,Snrpf,Ndufa4,Rps24,mt-Cytb,Fam49b,Erh,Mcm3,Mcm3,Rpl10a,Mbnl1,Tcp11l2,mt-Nd2,Erh,Rpl10a,Trib2,Adck3,Arhgef12,Gpx4,Tspo,Ndufa4,Csgalnact1,Hspd1,Psme1,Lockd,Rgs1,Rgag4,Ly6a,Cnrip1,Prkcq
148,Rps4x,Nolc1,Rps24,Eif4a1,Rps9,Hnrnpa3,Snrpf,Erh,Rpl10a,Hspd1,Hspd1,Mcm3,Erh,Tbkbp1,Psip1,Fam49b,Mcm3,Ap3s1,Ly6a,Mycn,Med21,mt-Nd2,Zfp706,Mylip,Plp2,Ssr2,Gp9,Rgag4,Trove2,Dusp28,Arhgef12,Sepp1
149,Lmo2,mt-Cytb,Gatad1,Slbp,Zfp706,Nolc1,Eif4a1,Rpl10a,Mcm3,Psme1,Psme1,Hspd1,Rpl10a,Angpt1,Rpl30,Rpl10a,Hspd1,Csf2rb,Dusp28,Parp11,mt-Co1,Psip1,Laptm4a,Crebrf,Ssr2,Npm1,Git2,Sgce,Sgce,Rgs1,Mycn,Slc22a3
150,Serbp1,Snrpf,Hnrnpa3,Gapdh,Ctr9,Nsa2,Chd4,Mcm3,Hspd1,Ssr2,Ssr2,Psme1,Mcm3,Myl10,Dynll1,Mcm3,Psme1,Klf1,Rgs1,Emcn,Tspo,Rpl30,Naca,Ogt,Psme1,Rps5,Cd52,Cnrip1,Cnrip1,Rgag4,Parp11,Crebrf
151,Ppdpf,Eif4a1,Nolc1,Prdx6,Naca,mt-Cytb,Slbp,Hspd1,Psme1,mt-Nd1,mt-Nd1,Ssr2,Hspd1,Maged2,Lta4h,Hspd1,Ssr2,Knstrn,Rgag4,Maml2,mt-Nd2,Dynll1,Anp32b,Endov,Npm1,Gmnn,Gse1,Ptrf,Ptrf,Trove2,Emcn,Gata2
152,Serf2,Slbp,Nsa2,mt-Co3,Anp32b,Snrpf,Prdx6,Psme1,Ssr2,Anp32e,Anp32e,mt-Nd1,Psme1,Hbb-bt,Krtcap2,Psme1,mt-Nd1,Hist1h3c,Trove2,Mast4,Psip1,Lta4h,Hsp90ab1,Mettl7a1,Rps5,Rpn1,Fam65a,Mycn,Mycn,Nmi,Maml2,Lztfl1
153,Rpl21,Rpl24,mt-Cytb,Rpl24,Hsp90ab1,Eif4a1,mt-Co3,Ssr2,mt-Nd1,Npm1,Npm1,Anp32e,Ssr2,Prkcq,Erh,Ssr2,Anp32e,Itga4,Nmi,Rbp1,Rpl30,Krtcap2,Tln1,Itih5,Gmnn,Actg1,Clec12a,S1pr1,Emcn,Sgce,Mast4,Mettl7a1
154,Rpl22l1,Prdx6,Snrpf,H2-K1,Rps24,Chd4,Gapdh,mt-Nd1,Anp32e,Rps5,Rps5,Npm1,mt-Nd1,Plekhm2,Fam49b,mt-Nd1,Npm1,Zfpm1,Sgce,Hdgfrp3,Dynll1,Erh,Rps9,Crebl2,Rpn1,Lig1,Nusap1,Maml2,Maml2,Cnrip1,Rbp1,Itih5
155,Gpx4,mt-Co3,Eif4a1,Hnrnpd,Hnrnpa3,Slbp,Rpl24,Anp32e,Npm1,Gmnn,Gmnn,Rps5,Anp32e,Sat1,Mbnl1,Anp32e,Rps5,Lgals1,Cnrip1,Dst,Lta4h,Fam49b,Rps24,Abcg1,Actg1,Rplp1,Runx1,Mast4,Mast4,Arhgef12,Hdgfrp3,Kcnk5
156,Actr3,Hnrnpd,Chd4,Metap2,Nolc1,Prdx6,Hnrnpd,Npm1,Rps5,Rpn1,Rpn1,Fam96a,Npm1,Gm19590,Rpl10a,Npm1,Gmnn,Car1,Arhgef12,Letm2,Krtcap2,Mbnl1,Nucks1,Uvssa,Lig1,Rexo2,Ffar2,Emcn,Rbp1,Mycn,Dst,Slc18a2
157,mt-Co1,Phgdh,Slbp,Phgdh,Nsa2,mt-Co3,H2-K1,Rps5,Fam96a,Actg1,Mrpl52,Gmnn,Rps5,G430095P16Rik,Mcm3,Rps5,Rpn1,Hist1h2bj,Grn,Zfhx3,Erh,Rpl10a,Hnrnpa3,Cela1,Cst3,Alyref,Lmo4,Hdgfrp3,Hdgfrp3,Emcn,Letm2,Meis1
158,Tspo,H2afv,Prdx6,mt-Co2,mt-Cytb,Gapdh,Metap2,Gmnn,Gmnn,Lig1,Actg1,Rpn1,Fam96a,Sertad3,Hspd1,Gmnn,Actg1,Pbk,Mycn,1700040L02Rik,Fam49b,Mcm3,Nsa2,Kcnk5,Rplp1,Ybx3,Hist2h2ac,Rbp1,Dst,Maml2,Zfhx3,Grik5
159,mt-Nd2,H2-D1,mt-Co3,Fabp5,Snrpf,Rpl24,Phgdh,Rpn1,Rpn1,Rplp1,Lig1,Actg1,Gmnn,Ypel3,Psme1,Rpn1,Lig1,Gata1,Emcn,Gimap5,Mbnl1,Hspd1,Nolc1,Gstt1,Taldo1,Rps14,9930111J21Rik2,Dst,Letm2,Mast4,1700040L02Rik,Gm15261
160,Rpl30,mt-Co2,Gapdh,Atad2,Eif4a1,Hnrnpd,mt-Co2,Mrpl52,Actg1,Rexo2,Cst3,Lig1,Rpn1,Sepp1,Ssr2,Actg1,Cst3,Unc119,Maml2,Hoxb2,Rpl10a,Psme1,mt-Cytb,Lpin1,Rexo2,Rpl23,P2ry14,Letm2,Zfhx3,Rbp1,Gimap5,Gsta4
161,H2afy,Hn1,Rpl24,Rpl36,Slbp,H2-K1,Fabp5,Actg1,Lig1,Atrx,Rplp1,Rplp1,Actg1,Mmrn1,mt-Nd1,Lig1,Rplp1,Hmmr,Mast4,Tcp11l2,Mcm3,Ssr2,Snrpf,Fam84b,Alyref,Clic1,2810474O19Rik,Zfhx3,1700040L02Rik,Hdgfrp3,Hoxb2,Camk1d
162,Dynll1,Fabp5,Hnrnpd,Mcm6,Gapdh,Metap2,Creg1,Lig1,Rplp1,Alyref,Taldo1,Rexo2,Lig1,Clu,Anp32e,Rplp1,Rexo2,Cenpa,Rbp1,Tbkbp1,Hspd1,mt-Nd1,Eif4a1,Meis1,Tuba4a,Hspa5,Ctss,1700040L02Rik,Gimap5,Dst,Tcp11l2,Calcrl
163,Psip1,Atad2,H2-K1,Rpl37,Prdx6,Phgdh,Atad2,Rplp1,Hmgb3,Ybx3,Rexo2,Atrx,Rplp1,Hoxa5,Npm1,Rexo2,Alyref,Napsa,Hdgfrp3,Znfx1,Psme1,Anp32e,Slbp,Pard3b,Ybx3,Rps8,Ddah2,Gimap5,Hoxb2,Letm2,Tbkbp1,Pla2g16
164,Krtcap2,Rpl36,Metap2,Ppp1r14b,mt-Co3,mt-Co2,Rpl36,Hmgb3,Rexo2,Rps14,Alyref,Alyref,Rexo2,Arhgef5,Rps5,Alyref,Ybx3,H2afx,Dst,Mgst3,Ssr2,Npm1,Gapdh,Grik5,Sepw1,Tmed3,Trib2,Tcp11l2,Tcp11l2,Zfhx3,Znfx1,Prkcdbp
165,Fam49b,Mcm6,Phgdh,Prdx2,Rpl24,Fabp5,Mcm6,Rexo2,Atrx,Rpl23,Ybx3,Ybx3,Atrx,Mkl2,Gmnn,Ybx3,Sepw1,Cst7,Letm2,Maged2,mt-Nd1,Rps5,Prdx6,F11r,Rps14,Cycs,Ap3s1,Tbkbp1,Tbkbp1,1700040L02Rik,Mgst3,Slc45a3
166,Erh,Gnai2,Khk,Hsp90aa1,H2-K1,Creg1,Rpl37,Alyref,Alyref,Rrbp1,Sepw1,Rps14,Alyref,Neurl3,Rpn1,Rps14,Rps14,Hist2h2bb-1,Zfhx3,Hbb-bt,Anp32e,Gmnn,mt-Co3,Fam73a,Rpl23,Capza2,Csf2rb,Hoxb2,Znfx1,Gimap5,Maged2,Mcpt8
167,Rpl10a,Rpl37,mt-Co2,Tgfb1,Hnrnpd,Atad2,Ppp1r14b,Ybx3,Ybx3,Clic1,Rps14,Rpl23,Ybx3,Csgalnact1,Actg1,Rpl23,Rpl23,Ifi27,1700040L02Rik,Tns1,Npm1,Rpn1,Rpl24,Cers4,Clic1,Atp5g1,Klf1,Znfx1,Maged2,Hoxb2,Hbb-bt,Gm15658
168,Sh3glb1,Ppp1r14b,Fabp5,Nme1,Metap2,Rpl36,Prdx2,Sepw1,Rps14,Hspa5,Rpl23,Rrbp1,Rps14,Irf1,Fxyd5,Clic1,Clic1,Il1rl1,Gimap5,Samhd1,Rps5,Actg1,Hnrnpd,Gm11837,Hspa5,Atp5o,Pyhin1,Ptgs1,Hbb-bt,Tcp11l2,Tns1,Gchfr
169,Mcm3,Prdx2,Creg1,Rbm3,Phgdh,Mcm6,Hsp90aa1,Rps14,Rpl23,Dek,Rrbp1,Clic1,Rpl23,Socs2,Lig1,Hspa5,Hspa5,Itga2b,Hoxb2,Gm19590,Gmnn,Fxyd5,Metap2,Dkkl1,Rps8,Dctpp1,Knstrn,Maged2,Samhd1,Tbkbp1,Samhd1,Itsn1
170,Hspd1,Hsp90aa1,Atad2,Rpl38,mt-Co2,Rpl37,Tgfb1,Rpl23,Rrbp1,Rps8,Clic1,Hspa5,Mospd3,Crebrf,Rplp1,Dek,Dek,Ckap2l,Tcp11l2,G430095P16Rik,Rpn1,Lig1,Phgdh,Vldlr,Tmed3,Dnaja1,Hist1h3c,Mgst3,Shisa5,Znfx1,Gm19590,Crim1
171,Psme1,Tgfb1,Rpl36,Rps20,Fabp5,Ppp1r14b,Nme1,Rrbp1,Clic1,Tmed3,Hspa5,Dek,Rrbp1,Anxa5,Sh3bgrl3,Rps8,Rps8,Cdkn2d,Tbkbp1,Sertad3,Actg1,Cst3,H2afv,Txnip,Cycs,Hspa8,Itga4,Prkcq,Gm19590,Maged2,G430095P16Rik,Tbxa2r
172,Ssr2,Sfpq,Mcm6,Hspe1,Creg1,Prdx2,Rbm3,Clic1,Hspa5,Cycs,Dek,Rps8,Clic1,Armc3,Rexo2,Tmed3,Tmed3,Gadd45a,Znfx1,Sepp1,Fxyd5,Rplp1,H2-D1,Gsta4,Capza2,Uqcrq,Pou2f2,Hbb-bt,Sertad3,Psd3,Sertad3,Trim34a
173,mt-Nd1,Emp3,Rpl37,Hnrnpab,Atad2,Hsp90aa1,Rpl38,Hspa5,Dek,Capza2,Rps8,Tmed3,Hspa5,Mettl7a1,Alyref,Cycs,Cycs,Dok2,Maged2,Mmrn1,Lig1,Sh3bgrl3,mt-Co2,Smim6,Atp5g1,Laptm4a,Zfpm1,Samhd1,Sepp1,Hbb-bt,Sepp1,Cd74
174,Anp32e,Nme1,Ppp1r14b,Syce2,Rpl36,Tgfb1,Rps20,Dek,Rps8,Atp5g1,Tmed3,Cycs,Dek,Itih5,Ybx3,Capza2,Capza2,Selplg,Hbb-bt,Hoxa5,Cst3,Rexo2,Hn1,Cuedc1,Atp5o,Ndufa4,Lcp1,Gm19590,Mmrn1,Samhd1,Mmrn1,Rhof
175,Npm1,Rbm3,Prdx2,Mcm7,Mcm6,Nme1,Hspe1,Rps8,Tmed3,Atp5o,Cycs,Capza2,Rps8,Crebl2,Sepw1,Atp5g1,Atp5g1,Lpin2,Samhd1,Arhgef5,Rplp1,Alyref,Fabp5,Gem,Dctpp1,Zfp706,Lgals1,Sertad3,Hoxa5,Sat1,Hoxa5,Nfkbiz
176,Rps5,Rpl38,Hsp90aa1,Rplp0,Rpl37,Rbm3,Hnrnpab,Tmed3,Cycs,Dctpp1,Atp5g1,Atp5g1,Tmed3,Abcg1,Rps14,Atp5o,Atp5o,Hdc,Sat1,Mkl2,Sh3bgrl3,Ybx3,Atad2,Krt18,Dnaja1,Rps9,Car1,Sepp1,Arhgef5,Shisa5,Arhgef5,Tcf15
177,Gmnn,Rps20,Tgfb1,Rpl27,Ppp1r14b,Rpl38,Syce2,Cycs,Capza2,Dnaja1,Atp5o,Atp5o,Cycs,Uvssa,Rpl23,Dctpp1,Dctpp1,Racgap1,Shisa5,Neurl3,Rexo2,Sepw1,Rpl36,Nrxn1,Hspa8,Naca,Hist1h2bj,Mmrn1,Mkl2,Gm19590,Mkl2,Rcn3
178,Rpn1,Hspe1,Nme1,B2m,Prdx2,Rps20,Mcm7,Atp5g1,Atp5g1,2700094K13Rik,Dctpp1,Dctpp1,Capza2,Vat1,Clic1,Dnaja1,Dnaja1,Cebpa,Gm19590,Csgalnact1,Alyref,Rps14,Mcm6,Mllt4,Uqcrq,Anp32b,Pbk,Hoxa5,Neurl3,Sertad3,Neurl3,Ctla2a
179,Actg1,Hnrnpab,Rbm3,H3f3a,Hsp90aa1,Hspe1,Rplp0,Atp5o,Atp5o,Hspa8,Dnaja1,Dnaja1,Atp5g1,Kcnk5,Hspa5,Hspa8,Hspa8,Gata2,Sertad3,Socs2,Ybx3,Rpl23,Gnai2,Pla2g16,Laptm4a,Hsp90ab1,Gata1,Arhgef5,Csgalnact1,Sepp1,Csgalnact1,Zbtb20
180,Lig1,Syce2,Rpl38,Rpl14,Tgfb1,Hnrnpab,Rpl27,Dctpp1,Dctpp1,Laptm4a,2700094K13Rik,2700094K13Rik,Atp5o,Ryk,Dek,Uqcrq,Uqcrq,Hist1h2an,Sepp1,Mylip,Sepw1,Clic1,Rpl37,P3h3,Ndufa4,Rps24,Mt1,Mkl2,Socs2,Mmrn1,Socs2,Pnrc1
181,Cst3,Mcm7,Rps20,Rpl13,Nme1,Xist,B2m,Dnaja1,Dnaja1,mt-Atp6,Hspa8,Hspa8,Dctpp1,Gstt1,Rps8,mt-Atp6,mt-Atp6,Kif22,Mmrn1,Crebrf,Rps14,Hspa5,Ppp1r14b,Gprc5b,Zfp706,Hnrnpa3,Unc119,Neurl3,Mylip,Hoxa5,Mylip,H2-Oa
182,Rplp1,Rplp0,Hspe1,,Rbm3,Syce2,H3f3a,Hspa8,Hspa8,Ndufa4,Uqcrq,Uqcrq,Dnaja1,Lpin1,Tmed3,Ndufa4,Ndufa4,Hemgn,Hoxa5,Ogt,Rpl23,Dek,Prdx2,Prkcdbp,Rps9,Nsa2,Notch1,Csgalnact1,Gsn,Arhgef5,Crebrf,Stx3
183,Taldo1,Rpl27,Hnrnpab,,Rpl38,Mcm7,Rpl14,Uqcrq,Uqcrq,Rps9,mt-Atp6,mt-Atp6,2700094K13Rik,Hoxa10,Cycs,Zfp706,Zfp706,Ccnb2,Arhgef5,Anxa5,Clic1,Rps8,Hsp90aa1,Rufy2,Naca,Nolc1,Hmmr,Socs2,Crebrf,Mkl2,Anxa5,Paqr5
184,Hmgb3,B2m,Xist,,Rps20,Rplp0,Rpl13,mt-Atp6,mt-Atp6,Zfp706,Ndufa4,Ndufa4,Hspa8,Ppp1r15a,Capza2,Rps9,Rps9,Fzr1,Mkl2,Endov,Hspa5,Tmed3,Tgfb1,Ctla2b,Anp32b,Snrpf,F630028O10Rik,Mylip,Anxa5,Neurl3,Endov,P2rx4
185,Npc2,H3f3a,Syce2,,Hspe1,Rpl27,,Ndufa4,Ndufa4,Naca,Rps9,Rps9,Laptm4a,Fam84b,Atp5g1,Naca,Naca,Serpinb1a,Neurl3,Armc3,Dek,Cycs,Sfpq,Mecom,Hsp90ab1,Eif4a1,Cenpa,Crebrf,Armc3,Csgalnact1,Armc3,Rras
186,Rexo2,Rpl14,Mcm7,,Hnrnpab,B2m,,Rps9,Rps9,Anp32b,Zfp706,Zfp706,mt-Atp6,Pard3b,Atp5o,Anp32b,Anp32b,Hist1h4h,Csgalnact1,Mettl7a1,Rps8,Capza2,Emp3,A630072M18Rik,Rps24,Slbp,Napsa,Anxa5,Itih5,Socs2,Mettl7a1,Tsc22d3
187,Alyref,Rpl13,Rplp0,,Syce2,H3f3a,,Zfp706,Zfp706,Uqcrq,Naca,Naca,Ndufa4,Epb41l4b,Dctpp1,Hsp90ab1,Hsp90ab1,Frat2,Socs2,Itih5,Tmed3,Atp5g1,Nme1,Pim2,Hnrnpa3,Gapdh,H2afx,Armc3,Crebl2,Mylip,Itih5,Ier3
188,Tuba4a,,Rpl27,,Mcm7,Rpl14,,Naca,Naca,Hsp90ab1,Anp32b,Anp32b,Rps9,Prr13,Dnaja1,Rps24,Rps24,Fcer1g,Mylip,Crebl2,Cycs,Atp5o,Rbm3,Gcnt2,Nsa2,Prdx6,Cst7,Mettl7a1,Abcg1,Oas1a,Crebl2,Trim47
189,Ybx3,,B2m,,Rplp0,Psmb8,,Anp32b,Anp32b,Tln1,Hsp90ab1,Hsp90ab1,Zfp706,Grik5,Ifi47,Hnrnpa3,Hnrnpa3,Plk1,Oas1a,Uvssa,Capza2,Dctpp1,Rpl38,Pglyrp2,Nolc1,Rpl24,Hist2h2bb-1,Itih5,Uvssa,Crebrf,Abcg1,Maml3
190,Sepw1,,H3f3a,,Rpl27,Rpl13,,Hsp90ab1,Hsp90ab1,Rps24,Tln1,Tln1,Naca,Nfia,Hspa8,Nsa2,Nsa2,1700097N02Rik,Crebrf,Kcnk5,Atp5g1,Dnaja1,Rps20,Gata3,Snrpf,H2-K1,Ifi27,Crebl2,Alcam,Gsn,Uvssa,Jakmip1
191,Rps14,,Rpl14,,B2m,,,Tln1,Tln1,Hnrnpa3,Rps24,Rps24,Anp32b,F11r,Uqcrq,Nolc1,Nolc1,Slc18a2,Ogt,Ryk,Atp5o,Ifi47,Hspe1,Gchfr,Eif4a1,Hnrnpd,Il1rl1,Abcg1,Kcnk5,Anxa5,Kcnk5,Fut8
192,Bst2,,Psmb8,,H3f3a,,,Rps24,Rps24,Nolc1,Nucks1,Hnrnpa3,Uqcrq,Cers4,mt-Atp6,mt-Cytb,mt-Cytb,Kcng2,Anxa5,Lpin1,Dctpp1,Hspa8,Hnrnpab,Itsn1,Slbp,Metap2,Itga2b,Uvssa,Ttc3,Endov,Ryk,Foxo3
193,Rpl23,,Rpl13,,Rpl14,,,Nucks1,Gatad1,Nsa2,Hnrnpa3,Nolc1,Hsp90ab1,Klf7,Ndufa4,Snrpf,Snrpf,Vezf1,Endov,S100a4,Dnaja1,Uqcrq,Syce2,Il18,Gapdh,Phgdh,Ckap2l,Kcnk5,Ryk,Armc3,Ttc3,Sugp2
194,Idi1,,,,Rpl13,,,Prdx4,Hnrnpa3,mt-Cytb,Nolc1,Nsa2,Tln1,Bex4,Zfp706,Eif4a1,Eif4a1,Fyb,Armc3,Fos,Ifi47,mt-Atp6,Mcm7,Insig1,Prdx6,H2-D1,Cdkn2d,Ryk,Gstt1,Itih5,Lpin1,Osbpl1a
195,Rrbp1,,,,,,,Hnrnpa3,Nolc1,Snrpf,Nsa2,mt-Cytb,Rps24,Smarca2,Rps9,Slbp,Slbp,Rab37,Itih5,Ppp1r15a,Hspa8,Ndufa4,Rplp0,Cd74,Rpl24,Pdia3,Il1r1,Ttc3,S100a4,Crebl2,S100a4,Fam189b
196,Clic1,,,,,,,Nolc1,Nsa2,Eif4a1,mt-Cytb,Snrpf,Hnrnpa3,Fam101b,Naca,Gapdh,Gapdh,Sept1,Crebl2,Hoxa10,Uqcrq,Zfp706,Rpl27,Rab6b,H2-K1,Tk1,Selplg,Gstt1,Fos,Abcg1,Fos,Rab38
197,Hspa5,,,,,,,mt-Cytb,mt-Cytb,Slbp,Snrpf,Eif4a1,Nolc1,Fnbp1l,Anp32b,Prdx6,Prdx6,Fbxo5,Uvssa,Fam84b,mt-Atp6,Rps9,B2m,Art4,Hnrnpd,Fabp5,H2afy,Lpin1,Hoxa10,Uvssa,Ppp1r15a,Pnck
198,Dek,,,,,,,Nsa2,Snrpf,Gapdh,Eif4a1,Chd4,Nsa2,Gm11837,Hsp90ab1,mt-Co3,mt-Co3,Gm17590,Alcam,Pard3b,Ndufa4,Naca,H3f3a,Cttn,Metap2,Tmem258,Hdc,S100a4,Fam84b,Alcam,Hoxa10,Nrgn
199,Rps8,,,,,,,Snrpf,Eif4a1,Prdx6,Chd4,Slbp,mt-Cytb,Ier2,Rps24,Rpl24,Rpl24,E2f8,Kcnk5,Prr13,Zfp706,Anp32b,Rpl14,Rhof,Phgdh,Atad2,Racgap1,Fos,Mitd1,Kcnk5,Fam84b,Rec8
200,Tmed3,,,,,,,Eif4a1,Chd4,mt-Co3,Slbp,Prdx6,Snrpf,Txnip,Hnrnpa3,H2-K1,H2-K1,Cks1b,Ryk,Grik5,Rps9,Hsp90ab1,Rpl13,Myo1c,H2-D1,Rpl36,Cebpa,Hoxa10,Grik5,Ttc3,Pard3b,Clec11a
201,Cycs,,,,,,,Chd4,Slbp,Rpl24,Prdx6,mt-Co3,Eif4a1,Dkkl1,Nsa2,Hnrnpd,Hnrnpd,Samd14,Gstt1,Nfia,Naca,Rps24,,Gm12216,Pdia3,Mcm6,Gata2,Fam84b,Nfia,Ryk,Prr13,Npdc1
202,Atp5g1,,,,,,,Slbp,Prdx6,H2-K1,mt-Co3,Gapdh,Chd4,Gm15261,Nolc1,Metap2,Metap2,Zg16,S100a4,F11r,Anp32b,Hnrnpa3,,Wbscr27,Tk1,Gnai2,Hist1h2an,Meis1,F11r,Gstt1,Grik5,Rbpms2
203,Atp5o,,,,,,,Prdx6,mt-Co3,Hnrnpd,Gapdh,Rpl24,Slbp,Gsta4,mt-Cytb,Phgdh,Phgdh,Osbpl8,Fos,Fam73a,Hsp90ab1,Nsa2,,Nfkbiz,Fabp5,Rpl37,Kif22,Prr13,Fam73a,S100a4,Nfia,Apobr
204,Dctpp1,,,,,,,mt-Co3,Gapdh,Phgdh,Rpl24,Hnrnpd,Prdx6,Stard10,Snrpf,H2-D1,H2-D1,Sdpr,Ppp1r15a,Cers4,Rps24,Nolc1,,Amn1,Tmem258,Ppp1r14b,Ccnb2,Grik5,Cers4,Fos,F11r,Tnik
205,Dnaja1,,,,,,,Gapdh,Rpl24,H2-D1,Hnrnpd,H2-K1,mt-Co3,Camk2d,Eif4a1,mt-Co2,mt-Co2,Gnb4,Hoxa10,Bex4,Hnrnpa3,mt-Cytb,,Socs1,Atad2,Prdx2,Fzr1,Nfia,Gbp5,Ppp1r15a,Fam73a,Lsp1
206,2700094K13Rik,,,,,,,Hnrnpd,Hnrnpd,mt-Co2,H2-K1,Phgdh,Gapdh,Smim6,Hmbs,Pdia3,Pdia3,Hist1h3e,Fam84b,Smarca2,Nsa2,Snrpf,,Tcf15,Rpl36,Hsp90aa1,Serpinb1a,F11r,Bex4,Hoxa10,Cers4,Smad7
207,Hspa8,,,,,,,Rpl24,H2-K1,Pdia3,Phgdh,H2-D1,Rpl24,Ccrl2,Slbp,Tk1,Tk1,Adrbk2,Mitd1,Fam101b,Tmsb10,Eif4a1,,H2-Q4,Mcm6,Emp3,Cdkn1a,Fam73a,Smarca2,Fam84b,Bex4,Flywch2
208,Laptm4a,,,,,,,H2-K1,Phgdh,Fabp5,H2-D1,mt-Co2,Hnrnpd,Ccnd1,Prdx6,Fabp5,Fabp5,Msrb1,Pard3b,Fnbp1l,mt-Cytb,Hmbs,,Rcn3,Gnai2,Nme1,Hist1h4h,Cers4,Fam101b,Mitd1,Smarca2,Med12l
209,mt-Atp6,,,,,,,Phgdh,H2-D1,Tmem258,mt-Co2,Pdia3,H2-K1,Gadd45g,mt-Co3,Atad2,Atad2,Serpine2,Grik5,Gm11837,Snrpf,Slbp,,Serpinb6a,Rpl37,Rbm3,Frat2,Bex4,Fnbp1l,Pard3b,Fam101b,Prkg1
210,Ndufa4,,,,,,,Khk,mt-Co2,Atad2,Pdia3,Fabp5,Phgdh,Cuedc1,Gapdh,Rpl36,Rpl36,Lat2,Nfia,Ier2,Eif4a1,Prdx6,,Ctla2a,Ppp1r14b,Rpl38,Fcer1g,Smarca2,Gm11837,Grik5,Fnbp1l,Adgrl4
211,Rps9,,,,,,,H2-D1,Nedd4,Rpl36,Fabp5,Tmem258,H2-D1,Zfp36,Rpl24,Mcm6,Mcm6,Kpna2,F11r,Txnip,Hmbs,mt-Co3,,Procr,Prdx2,Rps20,Ccl3,Fam101b,Dkkl1,Nfia,Gm11837,Bbc3
212,Zfp706,,,,,,,mt-Co2,Pdia3,Mcm6,Tmem258,Creg1,mt-Co2,Esam,Hnrnpd,Gnai2,Gnai2,Ltb4r1,Fam73a,Vldlr,Slbp,Gapdh,,Arhgap32,Hsp90aa1,Hspe1,Plk1,Fnbp1l,Txnip,F11r,Vldlr,Ccl4
213,Ctr9,,,,,,,Nedd4,Fabp5,Gnai2,Creg1,Atad2,Pdia3,Krt18,H2-K1,Rpl37,Rpl37,Hist1h1e,Cers4,Gsta4,Nolc1,Rpl24,,Zbtb20,Emp3,Hnrnpab,Pan3,Gm11837,Vldlr,Fam73a,Txnip,Bicd1
214,Naca,,,,,,,Pdia3,Tmem258,Rpl37,Atad2,Rpl36,Fabp5,Nrxn1,Metap2,Ppp1r14b,Ppp1r14b,Tyrobp,Gbp5,Smim6,Prdx6,Hnrnpd,,Ahdc1,Nme1,Ssbp2,Slc18a2,Dkkl1,Idi1,Cers4,Gsta4,Pbx1
215,Anp32b,,,,,,,Fabp5,Creg1,Ppp1r14b,Rpl36,Mcm6,Tmem258,Mllt4,Phgdh,Prdx2,Prdx2,Tuba1a,Bex4,Lpar6,mt-Co3,H2-K1,,Egr1,Rbm3,Itm2b,Tnfaip8,Txnip,Gsta4,Gbp5,Tmem158,Hlf
216,Uqcrq,,,,,,,Tmem258,Atad2,Hsp90aa1,Mcm6,Gnai2,Atad2,Smpdl3a,H2-D1,Hsp90aa1,Hsp90aa1,Hist1h2ae,Smarca2,Zfp36,Gapdh,Metap2,,Lpp,Rpl38,Syce2,Kcng2,Vldlr,Camk2d,Bex4,Smim6,Tmem176b
217,Hsp90ab1,,,,,,,Creg1,Rpl36,Tgfb1,Gnai2,Rpl37,Rpl36,P3h3,mt-Co2,Emp3,Emp3,Svbp,Fam101b,Gem,Hnrnpd,Phgdh,,Mxd4,Rps20,Mcm7,Wfdc17,Idi1,Smim6,Smarca2,Lpar6,Kalrn
218,Rps24,,,,,,,Atad2,Mcm6,Sfpq,Rpl37,Ppp1r14b,Mcm6,Gprc5b,Pdia3,Nme1,Nme1,Atp13a3,Fnbp1l,Esam,Rpl24,H2-D1,,Mir142hg,Hspe1,Rplp0,Satb1,Gsta4,Ccrl2,Fam101b,Zfp36,Gng11
219,Nucks1,,,,,,,Rpl36,Gnai2,Emp3,Ppp1r14b,Hsp90aa1,Gnai2,Prkcdbp,Fabp5,Rbm3,Rbm3,Ctr9,Gm11837,Krt18,Metap2,mt-Co2,,Gimap6,Hnrnpab,Rpl27,Fyb,Stard10,Zfp36,Fnbp1l,Gem,Impact
220,Prdx4,,,,,,,Mcm6,Rpl37,Nme1,Hsp90aa1,Tgfb1,Rpl37,Mpl,Atad2,Rpl38,Rpl38,Slpi,Ier2,Nrxn1,H2-K1,Pdia3,,Gm16140,Ssbp2,Sec11c,Sept1,Tmem158,Gem,Gm11837,Esam,Btg2
221,Hnrnpa3,,,,,,,Gnai2,Ppp1r14b,Rbm3,Tgfb1,Sfpq,Ppp1r14b,Rufy2,Rpl36,Rps20,Rps20,Il17ra,Txnip,Mllt4,Phgdh,Tk1,,H2-Aa,Itm2b,H3f3a,Fbxo5,Smim6,Esam,Vldlr,Krt18,Dusp6
222,Nolc1,,,,,,,Rpl37,Hsp90aa1,Rpl38,Sfpq,Emp3,Hsp90aa1,Dstn,Mcm6,Hspe1,Hspe1,Kif15,Vldlr,Smpdl3a,H2-D1,Fabp5,,Akap17b,Syce2,Rpl14,Prtn3,Cuedc1,Krt18,Txnip,Nrxn1,Gm16141
223,mt-Cytb,,,,,,,Ppp1r14b,Tgfb1,Rps20,Emp3,Nme1,Tgfb1,Ctla2b,Gnai2,Hnrnpab,Hnrnpab,Ndrg1,Gsta4,Pla2g16,mt-Co2,Atad2,,Ltb,Mcm7,B2m,Bex6,Zfp36,Mllt4,Gsta4,Mllt4,Msmo1
224,Nsa2,,,,,,,Hsp90aa1,Sfpq,Hspe1,Nme1,Rbm3,Sfpq,Mecom,Rpl37,Itm2b,Itm2b,Akap13,Camk2d,P3h3,Pdia3,Rpl36,,Gns,Rplp0,Rpl13,Gm17590,Gem,Smpdl3a,Camk2d,Smpdl3a,Dntt
225,Snrpf,,,,,,,Tgfb1,Emp3,Hnrnpab,Rbm3,Rpl38,Emp3,Ipo11,Ppp1r14b,Syce2,Syce2,Nucks1,Smim6,Gprc5b,Tk1,Mcm6,,Agl,Rpl27,,E2f8,Esam,Pla2g16,Smim6,Pla2g16,Lpcat2
226,Eif4a1,,,,,,,Sfpq,Nme1,Ssbp2,Rpl38,Rps20,Nme1,Pim2,Prdx2,Mcm7,Mcm7,Slc45a3,Ccrl2,Mpl,Fabp5,Gnai2,,Cd84,Sec11c,,Clec4e,Krt18,P3h3,Ccrl2,P3h3,Plxna4os1
227,Rpl24,,,,,,,Emp3,Rbm3,Itm2b,Rps20,Hspe1,Rbm3,Mgst1,Hsp90aa1,Rplp0,Rplp0,Siglecf,Fam132a,Rufy2,Atad2,Rpl37,,Rras,H3f3a,,Cks1b,Mllt4,Gprc5b,Fam132a,Gprc5b,Nceh1
228,Slbp,,,,,,,Nme1,Rpl38,Syce2,Hspe1,Hnrnpab,Rpl38,Gchfr,Emp3,Rpl27,Rpl27,Bmp2k,Zfp36,Mecom,Rpl36,Ppp1r14b,,Tsc22d3,Rpl14,,Samd14,Smpdl3a,Prkcdbp,Zfp36,Mpl,H2-Q6
229,Prdx6,,,,,,,Rbm3,Rps20,Mcm7,Hnrnpab,Ssbp2,Rps20,Trpc6,Nme1,Sec11c,Sec11c,Smap2,Gem,A630072M18Rik,Mcm6,Prdx2,,Ctsf,B2m,,Zg16,Pla2g16,Mpl,Gem,Rufy2,Cyp2j6
230,mt-Co3,,,,,,,Rpl38,Hspe1,Rplp0,Itm2b,Itm2b,Hspe1,Id1,Rbm3,H3f3a,H3f3a,Incenp,Esam,Ipo11,Gnai2,Hsp90aa1,,Ier3,Rpl13,,Osbpl8,P3h3,Rufy2,Esam,Mecom,Fam65a
231,Gapdh,,,,,,,Rps20,Hnrnpab,Rpl27,Syce2,Syce2,Hnrnpab,Ebi3,Rpl38,Rpl14,Rpl14,Gm15658,Krt18,Pim2,Rpl37,Emp3,,Zyx,,,Emb,Gprc5b,Ctla2b,Krt18,A630072M18Rik,Adck3
232,Hnrnpd,,,,,,,Hspe1,Itm2b,Sec11c,Mcm7,Mcm7,Ssbp2,Crim1,Rps20,B2m,B2m,Rnase6,Nrxn1,Gcnt2,Ppp1r14b,Nme1,,,,,Zc3hav1,Prkcdbp,Mecom,Nrxn1,Ipo11,Ptrf
233,H2-K1,,,,,,,Hnrnpab,Syce2,H3f3a,Rplp0,Rplp0,Itm2b,Itsn1,Hspe1,Rpl13,Rpl13,Atp1b2,Mllt4,Gata3,Prdx2,Rbm3,,,,,Gnb4,Mpl,A630072M18Rik,Mllt4,Pim2,Dst
234,Phgdh,,,,,,,Itm2b,Mcm7,Rpl14,Rpl27,Rpl27,Syce2,Insig1,Hnrnpab,,,Hist1h4d,Smpdl3a,Ebi3,Gmfg,Rpl38,,,,,Hist1h3e,Rufy2,Gcnt2,Smpdl3a,Gcnt2,Letm2
235,H2-D1,,,,,,,Syce2,Rplp0,B2m,Sec11c,Sec11c,Mcm7,S100a6,Xist,,,Ces2g,Pla2g16,Itsn1,Hsp90aa1,Rps20,,,,,Adrbk2,Ctla2b,Ipo11,Pla2g16,Gata3,1700040L02Rik
236,mt-Co2,,,,,,,Mcm7,Rpl27,Rpl13,H3f3a,H3f3a,Rplp0,Rab6b,Itm2b,,,Galnt1,P3h3,Il18,Emp3,Hspe1,,,,,Msrb1,Mecom,Pim2,P3h3,Ebi3,Gimap5
237,Nedd4,,,,,,,Rplp0,Sec11c,,Rpl14,Rpl14,Rpl27,Art4,Syce2,,,Apoe,Gprc5b,Cd74,Nme1,Hnrnpab,,,,,Cd27,A630072M18Rik,Gata3,Gprc5b,Itsn1,Hoxb2
238,Pdia3,,,,,,,Rpl27,H3f3a,,B2m,B2m,Sec11c,Rhof,Mcm7,,,Mfsd2b,Mpl,S100a6,Rbm3,Xist,,,,,Lat2,Ipo11,Gbp7,Mpl,Il18,Znfx1
239,Fabp5,,,,,,,Sec11c,Rpl14,,Rpl13,Rpl13,H3f3a,Gm12216,Rplp0,,,Adgrl2,Rufy2,Rab6b,Rpl38,Itm2b,,,,,Kpna2,Pim2,Ebi3,Rufy2,Cd74,Hbb-bt
240,Tmem258,,,,,,,H3f3a,B2m,,,,Rpl14,Wbscr27,Rpl27,,,H2afv,Mecom,Art4,Rps20,Syce2,,,,,Hist1h1e,Gcnt2,Itsn1,Mecom,S100a6,H2-Q7
241,Creg1,,,,,,,Rpl14,Rpl13,,,,B2m,Tcf15,Sec11c,,,Lims1,Gcnt2,Gm12216,Msn,Mcm7,,,,,Tyrobp,Gata3,Il18,Gcnt2,Rab6b,Ptprcap
242,Atad2,,,,,,,B2m,,,,,Rpl13,Rcn3,H3f3a,,,Mta3,Ipo11,Wbscr27,Hspe1,Rplp0,,,,,Tuba1a,Gchfr,Insig1,Ipo11,Art4,G430095P16Rik
243,Rpl36,,,,,,,Rpl13,,,,,,Serpinb6a,Rpl14,,,Trf,Pim2,Nfkbiz,Hnrnpab,Rpl27,,,,,Ncf4,Trpc6,Trim34a,Pim2,Gm12216,Spns2
244,Mcm6,,,,,,,,,,,,,Gucy1a3,B2m,,,Rec114,A630072M18Rik,Amn1,Xist,Sec11c,,,,,Hist1h2ae,Ebi3,Cd74,A630072M18Rik,Wbscr27,Itga2b
245,Gnai2,,,,,,,,,,,,,Procr,Psmb8,,,Cenpe,Gata3,Socs1,Itm2b,H3f3a,,,,,Bmyc,Itsn1,S100a6,Gata3,Nfkbiz,Mkl2
246,Rpl37,,,,,,,,,,,,,Ahdc1,Rpl13,,,Gng12,Gbp7,Tcf15,Syce2,Rpl14,,,,,Ctr9,Il18,Rab6b,Gbp7,Amn1,Neurl3
247,Ppp1r14b,,,,,,,,,,,,,Junb,,,,Tuba1c,Ebi3,H2-Q4,Mcm7,B2m,,,,,Slpi,Insig1,Art4,Ebi3,Socs1,Endov
248,Hsp90aa1,,,,,,,,,,,,,Egr1,,,,Mns1,Itsn1,Rcn3,Rplp0,Psmb8,,,,,Il17ra,Cd74,Rhof,Itsn1,Tcf15,Crebl2
249,Tgfb1,,,,,,,,,,,,,Limk2,,,,Slc4a8,Il18,Serpinb6a,Rpl27,Rpl13,,,,,Atp13a3,S100a6,Myo1c,Il18,H2-Q4,Lpin1
250,Sfpq,,,,,,,,,,,,,Lpp,,,,Fam117a,Trim34a,Arhgap32,Sec11c,,,,,,Kif15,Rab6b,Gm12216,Trim34a,Rcn3,Pan3
251,Bnip3l,,,,,,,,,,,,,Gimap6,,,,Dach1,Cd74,Procr,H3f3a,,,,,,Ndrg1,Art4,Wbscr27,Cd74,Serpinb6a,Wfdc17
252,Emp3,,,,,,,,,,,,,Abcg2,,,,Cdk1,S100a6,Ahdc1,Rpl14,,,,,,Akap13,Cttn,Nfkbiz,S100a6,Arhgap32,H2-Ab1
253,Nme1,,,,,,,,,,,,,Aldh1a1,,,,Rgs2,Rab6b,Zbtb20,B2m,,,,,,Foxp1,Rhof,Amn1,Rab6b,Procr,Pard3b
254,Rbm3,,,,,,,,,,,,,Gm16140,,,,Sipa1l1,Art4,Junb,Psmb8,,,,,,Nucks1,Myo1c,Socs1,Art4,Ahdc1,Satb1
255,Jak1,,,,,,,,,,,,,Gm16104,,,,Ckap5,Gm12216,Egr1,Rpl13,,,,,,Slc45a3,Gm12216,Tcf15,Gm12216,Zbtb20,Fgf3
256,Rps20,,,,,,,,,,,,,H2-Aa,,,,Ccna2,Wbscr27,Lpp,,,,,,,Smap2,Wbscr27,H2-Q4,Wbscr27,Junb,Cers4
257,Rpl38,,,,,,,,,,,,,Cdkn1c,,,,Pdgfrb,Nfkbiz,Mxd4,,,,,,,Incenp,Nfkbiz,Rcn3,Nfkbiz,Egr1,Klf7
258,Hspe1,,,,,,,,,,,,,Ltb,,,,Gm20342,Amn1,Mir142hg,,,,,,,Cd34,Amn1,Serpinb6a,Amn1,Lpp,Txnip
259,Hnrnpab,,,,,,,,,,,,,Ctsf,,,,Aurkb,Socs1,Gimap6,,,,,,,Atp1b2,Socs1,Arhgap32,Socs1,Mxd4,Gnb4
260,Itm2b,,,,,,,,,,,,,Rras,,,,Iqgap1,Tcf15,Abcg2,,,,,,,Hist1h4d,Tcf15,Procr,Tcf15,Mir142hg,Camk2d
261,Syce2,,,,,,,,,,,,,Tsc22d3,,,,Smim5,H2-Q4,Gm16140,,,,,,,Ces2g,H2-Q4,Ahdc1,H2-Q4,Gimap6,Fam129a
262,Mcm7,,,,,,,,,,,,,Gstm1,,,,H2-Oa,Rcn3,H2-Aa,,,,,,,Cd93,Rcn3,Zbtb20,Rcn3,Abcg2,Cd27
263,Rplp0,,,,,,,,,,,,,Tns1,,,,Smc4,Serpinb6a,Gm16104,,,,,,,Apoe,Serpinb6a,Junb,Serpinb6a,Gm16140,Gem
264,Rpl27,,,,,,,,,,,,,1810011H11Rik,,,,Ikzf2,Arhgap32,Akap17b,,,,,,,Mfsd2b,Arhgap32,Limk2,Arhgap32,H2-Aa,Krt18
265,Sec11c,,,,,,,,,,,,,Lpar6,,,,Ube2s,Procr,Cdkn1c,,,,,,,Adgrl2,Procr,Egr1,Procr,Gm16104,Nrxn1
266,H3f3a,,,,,,,,,,,,,Rhob,,,,Rap1b,Ahdc1,Ltb,,,,,,,Khk,Gucy1a3,Lpp,Ahdc1,Akap17b,Mllt4
267,Rpl14,,,,,,,,,,,,,Pglyrp2,,,,Hist1h4i,Zbtb20,Gns,,,,,,,H2afv,Zbtb20,Mxd4,Zbtb20,Cdkn1c,Gm5111
268,B2m,,,,,,,,,,,,,,,,,Hist1h2bn,Junb,Cd84,,,,,,,Alas1,Junb,Mir142hg,Junb,Ltb,Gprc5b
269,Rpl13,,,,,,,,,,,,,,,,,Cox6b2,Limk2,Rras,,,,,,,St8sia4,Ahdc1,Gimap6,Limk2,Gns,Gcnt2
270,,,,,,,,,,,,,,,,,,Rgs10,Egr1,Tsc22d3,,,,,,,Cnn3,Egr1,Abcg2,Egr1,Cd84,Pim2
271,,,,,,,,,,,,,,,,,,Aurka,Lpp,Kmt2a,,,,,,,Lims1,Lpp,Aldh1a1,Lpp,Rras,A630072M18Rik
272,,,,,,,,,,,,,,,,,,Hist1h2ab,Mxd4,Agl,,,,,,,Mta3,Mxd4,Gm16140,Mxd4,Tsc22d3,Ltc4s
273,,,,,,,,,,,,,,,,,,Drosha,Mir142hg,Gstt1,,,,,,,Trf,Mir142hg,Gm16104,Mir142hg,Kmt2a,Dusp2
274,,,,,,,,,,,,,,,,,,Gp1bb,Gimap6,Ctsf,,,,,,,Rec114,Gimap6,H2-Aa,Gimap6,Agl,Stxbp4
275,,,,,,,,,,,,,,,,,,Zyx,Abcg2,Gstm1,,,,,,,Cenpe,Abcg2,Akap17b,Abcg2,Gstt1,Pcdh7
276,,,,,,,,,,,,,,,,,,,Gm16140,Ly75,,,,,,,Tuba1c,Aldh1a1,Ddx60,Gm16140,Ctsf,Por
277,,,,,,,,,,,,,,,,,,,H2-Aa,Pglyrp2,,,,,,,Mns1,Gm16140,Cdkn1c,H2-Aa,Gstm1,Shisa8
278,,,,,,,,,,,,,,,,,,,Gm16104,,,,,,,,Slc4a8,Gm16104,Ltb,Gm16104,Ly75,Tspan13
279,,,,,,,,,,,,,,,,,,,Akap17b,,,,,,,,Fam117a,H2-Aa,Gns,Akap17b,Pglyrp2,Gm12216
280,,,,,,,,,,,,,,,,,,,Ddx60,,,,,,,,Dach1,Akap17b,Agl,Ddx60,,Sipa1l1
281,,,,,,,,,,,,,,,,,,,Cdkn1c,,,,,,,,Cdk1,Cdkn1c,Rras,Cdkn1c,,Amn1
282,,,,,,,,,,,,,,,,,,,Ltb,,,,,,,,Sipa1l1,Ltb,Tsc22d3,Ltb,,Arhgap32
283,,,,,,,,,,,,,,,,,,,Gns,,,,,,,,Unc93b1,Gns,Kmt2a,Gns,,Pdgfrb
284,,,,,,,,,,,,,,,,,,,Cd84,,,,,,,,Ckap5,Agl,Ctsf,Cd84,,Ctxn1
285,,,,,,,,,,,,,,,,,,,Rras,,,,,,,,Ccna2,Rras,Ier3,Rras,,Ltb
286,,,,,,,,,,,,,,,,,,,Tsc22d3,,,,,,,,Flt3,Tsc22d3,Gstm1,Tsc22d3,,Gns
287,,,,,,,,,,,,,,,,,,,Kmt2a,,,,,,,,Gm20342,Kmt2a,1810011H11Rik,Kmt2a,,Cox6b2
288,,,,,,,,,,,,,,,,,,,Agl,,,,,,,,Aurkb,Ctsf,Ly75,Agl,,Pglyrp2
289,,,,,,,,,,,,,,,,,,,Ctsf,,,,,,,,Iqgap1,Tns1,Rhob,Ctsf,,Lgals9
290,,,,,,,,,,,,,,,,,,,Gstm1,,,,,,,,Smim5,Gstm1,Pglyrp2,Gstm1,,Aff3
291,,,,,,,,,,,,,,,,,,,Lpar6,,,,,,,,Smc4,1810011H11Rik,,Lpar6,,Cd274
292,,,,,,,,,,,,,,,,,,,Rhob,,,,,,,,Ikzf2,Ly75,,Rhob,,Agpat4
293,,,,,,,,,,,,,,,,,,,Pglyrp2,,,,,,,,Ube2s,Pglyrp2,,Pglyrp2,,Gfod2
294,,,,,,,,,,,,,,,,,,,,,,,,,,,Rap1b,,,,,Scarf1
295,,,,,,,,,,,,,,,,,,,,,,,,,,,Pkib,,,,,Pear1
296,,,,,,,,,,,,,,,,,,,,,,,,,,,Urod,,,,,Cxxc5
297,,,,,,,,,,,,,,,,,,,,,,,,,,,Hist1h4i,,,,,Tnip3
298,,,,,,,,,,,,,,,,,,,,,,,,,,,Hist1h2bn,,,,,Gm16152
299,,,,,,,,,,,,,,,,,,,,,,,,,,,Cox6b2,,,,,Fchsd2
300,,,,,,,,,,,,,,,,,,,,,,,,,,,Steap3,,,,,Nrip1
301,,,,,,,,,,,,,,,,,,,,,,,,,,,Aurka,,,,,Msi2
302,,,,,,,,,,,,,,,,,,,,,,,,,,,Hist1h2ab,,,,,Gm20467
303,,,,,,,,,,,,,,,,,,,,,,,,,,,Gp1bb,,,,,Egfl7
304,,,,,,,,,,,,,,,,,,,,,,,,,,,Zyx,,,,,Eid2
305,,,,,,,,,,,,,,,,,,,,,,,,,,,,,,,,Eva1b
306,,,,,,,,,,,,,,,,,,,,,,,,,,,,,,,,Nap1l3
307,,,,,,,,,,,,,,,,,,,,,,,,,,,,,,,,Clnk
308,,,,,,,,,,,,,,,,,,,,,,,,,,,,,,,,Cbfa2t3
309,,,,,,,,,,,,,,,,,,,,,,,,,,,,,,,,Ms4a2
310,,,,,,,,,,,,,,,,,,,,,,,,,,,,,,,,Insl6
311,,,,,,,,,,,,,,,,,,,,,,,,,,,,,,,,Auts2
312,,,,,,,,,,,,,,,,,,,,,,,,,,,,,,,,Sla2
313,,,,,,,,,,,,,,,,,,,,,,,,,,,,,,,,Nfat5
314,,,,,,,,,,,,,,,,,,,,,,,,,,,,,,,,Tsc22d1
315,,,,,,,,,,,,,,,,,,,,,,,,,,,,,,,,Tgm2
316,,,,,,,,,,,,,,,,,,,,,,,,,,,,,,,,2900026A02Rik
317,,,,,,,,,,,,,,,,,,,,,,,,,,,,,,,,Klk8
318,,,,,,,,,,,,,,,,,,,,,,,,,,,,,,,,Oas1c
319,,,,,,,,,,,,,,,,,,,,,,,,,,,,,,,,Selp
320,,,,,,,,,,,,,,,,,,,,,,,,,,,,,,,,Uba7
321,,,,,,,,,,,,,,,,,,,,,,,,,,,,,,,,Gabbr1
322,,,,,,,,,,,,,,,,,,,,,,,,,,,,,,,,Otos
323,,,,,,,,,,,,,,,,,,,,,,,,,,,,,,,,St3gal6
324,,,,,,,,,,,,,,,,,,,,,,,,,,,,,,,,Rnf122
325,,,,,,,,,,,,,,,,,,,,,,,,,,,,,,,,Ifitm1
326,,,,,,,,,,,,,,,,,,,,,,,,,,,,,,,,Kdm6b
327,,,,,,,,,,,,,,,,,,,,,,,,,,,,,,,,Gm11697
328,,,,,,,,,,,,,,,,,,,,,,,,,,,,,,,,0610009L18Rik
329,,,,,,,,,,,,,,,,,,,,,,,,,,,,,,,,Marcks
330,,,,,,,,,,,,,,,,,,,,,,,,,,,,,,,,Erg
331,,,,,,,,,,,,,,,,,,,,,,,,,,,,,,,,Gm26735
332,,,,,,,,,,,,,,,,,,,,,,,,,,,,,,,,Ctnnal1
333,,,,,,,,,,,,,,,,,,,,,,,,,,,,,,,,Cul9
334,,,,,,,,,,,,,,,,,,,,,,,,,,,,,,,,4930519L02Rik
335,,,,,,,,,,,,,,,,,,,,,,,,,,,,,,,,Dapp1
336,,,,,,,,,,,,,,,,,,,,,,,,,,,,,,,,Emid1
337,,,,,,,,,,,,,,,,,,,,,,,,,,,,,,,,Ptpre
338,,,,,,,,,,,,,,,,,,,,,,,,,,,,,,,,Trove2
339,,,,,,,,,,,,,,,,,,,,,,,,,,,,,,,,Lmo4
340,,,,,,,,,,,,,,,,,,,,,,,,,,,,,,,,Sgce
341,,,,,,,,,,,,,,,,,,,,,,,,,,,,,,,,Ddah2
342,,,,,,,,,,,,,,,,,,,,,,,,,,,,,,,,Angpt1
343,,,,,,,,,,,,,,,,,,,,,,,,,,,,,,,,Marcksl1
344,,,,,,,,,,,,,,,,,,,,,,,,,,,,,,,,Plekhm2
345,,,,,,,,,,,,,,,,,,,,,,,,,,,,,,,,Sertad3
346,,,,,,,,,,,,,,,,,,,,,,,,,,,,,,,,Hoxa5
347,,,,,,,,,,,,,,,,,,,,,,,,,,,,,,,,Dok2
348,,,,,,,,,,,,,,,,,,,,,,,,,,,,,,,,Ogt
349,,,,,,,,,,,,,,,,,,,,,,,,,,,,,,,,Cdkn1a
350,,,,,,,,,,,,,,,,,,,,,,,,,,,,,,,,Zfp608
351,,,,,,,,,,,,,,,,,,,,,,,,,,,,,,,,Ccl3
352,,,,,,,,,,,,,,,,,,,,,,,,,,,,,,,,Vezf1
353,,,,,,,,,,,,,,,,,,,,,,,,,,,,,,,,Fyb
354,,,,,,,,,,,,,,,,,,,,,,,,,,,,,,,,F11r
355,,,,,,,,,,,,,,,,,,,,,,,,,,,,,,,,Sept1
356,,,,,,,,,,,,,,,,,,,,,,,,,,,,,,,,Gm17590
357,,,,,,,,,,,,,,,,,,,,,,,,,,,,,,,,Dkkl1
358,,,,,,,,,,,,,,,,,,,,,,,,,,,,,,,,Vldlr
359,,,,,,,,,,,,,,,,,,,,,,,,,,,,,,,,Adrbk2
360,,,,,,,,,,,,,,,,,,,,,,,,,,,,,,,,Ndrg1
361,,,,,,,,,,,,,,,,,,,,,,,,,,,,,,,,Rnase6
362,,,,,,,,,,,,,,,,,,,,,,,,,,,,,,,,Furin
363,,,,,,,,,,,,,,,,,,,,,,,,,,,,,,,,Gata3
364,,,,,,,,,,,,,,,,,,,,,,,,,,,,,,,,Apoe
365,,,,,,,,,,,,,,,,,,,,,,,,,,,,,,,,Adgrl2
366,,,,,,,,,,,,,,,,,,,,,,,,,,,,,,,,Il18
367,,,,,,,,,,,,,,,,,,,,,,,,,,,,,,,,Emilin2
368,,,,,,,,,,,,,,,,,,,,,,,,,,,,,,,,Insig1
369,,,,,,,,,,,,,,,,,,,,,,,,,,,,,,,,Cd72
370,,,,,,,,,,,,,,,,,,,,,,,,,,,,,,,,Hmga2
371,,,,,,,,,,,,,,,,,,,,,,,,,,,,,,,,Cttn
372,,,,,,,,,,,,,,,,,,,,,,,,,,,,,,,,Dach1
373,,,,,,,,,,,,,,,,,,,,,,,,,,,,,,,,Flt3
374,,,,,,,,,,,,,,,,,,,,,,,,,,,,,,,,Ahdc1
375,,,,,,,,,,,,,,,,,,,,,,,,,,,,,,,,Egr1
376,,,,,,,,,,,,,,,,,,,,,,,,,,,,,,,,Nfe2
377,,,,,,,,,,,,,,,,,,,,,,,,,,,,,,,,Smim5
378,,,,,,,,,,,,,,,,,,,,,,,,,,,,,,,,Ikzf2
379,,,,,,,,,,,,,,,,,,,,,,,,,,,,,,,,Mir142hg
380,,,,,,,,,,,,,,,,,,,,,,,,,,,,,,,,Gm16140
381,,,,,,,,,,,,,,,,,,,,,,,,,,,,,,,,H2-Aa
382,,,,,,,,,,,,,,,,,,,,,,,,,,,,,,,,Akap17b
383,,,,,,,,,,,,,,,,,,,,,,,,,,,,,,,,Agl
384,,,,,,,,,,,,,,,,,,,,,,,,,,,,,,,,Ctsf
385,,,,,,,,,,,,,,,,,,,,,,,,,,,,,,,,Gstt1
386,,,,,,,,,,,,,,,,,,,,,,,,,,,,,,,,Csgalnact1
